[{"isPositive":1,"id":"person_11_23_0"},{"isPositive":0,"id":"person_279_23_0"},{"isPositive":0,"id":"person_196_23_0"},{"isPositive":0,"id":"person_280_23_0"},{"isPositive":0,"id":"person_197_23_0"},{"isPositive":0,"id":"person_223_23_0"},{"isPositive":0,"id":"person_271_23_0"},{"isPositive":0,"id":"person_272_23_0"},{"isPositive":0,"id":"person_273_23_0"},{"isPositive":0,"id":"person_192_23_0"},{"isPositive":0,"id":"person_270_23_0"},{"isPositive":0,"id":"person_260_23_0"},{"isPositive":0,"id":"person_261_23_0"},{"isPositive":0,"id":"person_186_23_0"},{"isPositive":0,"id":"person_564_23_0"},{"isPositive":0,"id":"person_539_23_0"},{"isPositive":0,"id":"person_640_23_0"},{"isPositive":0,"id":"person_637_23_0"},{"isPositive":0,"id":"person_545_23_0"},{"isPositive":0,"id":"person_638_23_0"},{"isPositive":0,"id":"person_639_23_0"},{"isPositive":0,"id":"person_612_23_0"},{"isPositive":0,"id":"person_613_23_0"},{"isPositive":0,"id":"person_614_23_0"},{"isPositive":0,"id":"person_615_23_0"},{"isPositive":0,"id":"person_531_23_0"},{"isPositive":0,"id":"person_944_23_0"},{"isPositive":0,"id":"person_945_23_0"},{"isPositive":0,"id":"person_867_23_0"},{"isPositive":0,"id":"person_1096_23_0"},{"isPositive":0,"id":"person_1026_23_0"},{"isPositive":0,"id":"person_1098_23_0"},{"isPositive":0,"id":"person_1178_23_0"},{"isPositive":0,"id":"person_1179_23_0"},{"isPositive":0,"id":"person_1148_23_0"},{"isPositive":0,"id":"person_1149_23_0"},{"isPositive":0,"id":"person_1151_23_0"},{"isPositive":0,"id":"person_1152_23_0"},{"isPositive":0,"id":"person_1150_23_0"},{"isPositive":0,"id":"person_1153_23_0"},{"isPositive":0,"id":"person_1154_23_0"},{"isPositive":0,"id":"person_1155_23_0"},{"isPositive":0,"id":"person_1156_23_0"},{"isPositive":0,"id":"person_1157_23_0"},{"isPositive":0,"id":"person_1158_23_0"},{"isPositive":0,"id":"person_1159_23_0"},{"isPositive":0,"id":"person_1053_23_0"},{"isPositive":0,"id":"person_1069_23_0"},{"isPositive":0,"id":"person_1095_23_0"},{"isPositive":0,"id":"person_1097_23_0"},{"isPositive":0,"id":"person_1086_23_0"},{"isPositive":0,"id":"person_1087_23_0"},{"isPositive":0,"id":"person_1057_23_0"},{"isPositive":0,"id":"person_1090_23_0"},{"isPositive":0,"id":"person_1088_23_0"},{"isPositive":0,"id":"person_1089_23_0"},{"isPositive":0,"id":"person_1021_23_0"},{"isPositive":0,"id":"person_1947_23_0"},{"isPositive":0,"id":"person_1948_23_0"},{"isPositive":0,"id":"person_1873_23_0"},{"isPositive":0,"id":"person_1974_23_0"},{"isPositive":0,"id":"person_1977_23_0"},{"isPositive":0,"id":"person_1978_23_0"},{"isPositive":0,"id":"person_2013_23_0"},{"isPositive":0,"id":"person_2012_23_0"},{"isPositive":0,"id":"person_2014_23_0"},{"isPositive":0,"id":"person_2015_23_0"},{"isPositive":0,"id":"person_1907_23_0"},{"isPositive":0,"id":"person_2011_23_0"},{"isPositive":0,"id":"person_1975_23_0"},{"isPositive":0,"id":"person_1976_23_0"},{"isPositive":0,"id":"person_1889_23_0"},{"isPositive":0,"id":"person_2364_23_0"},{"isPositive":0,"id":"person_2255_23_0"},{"isPositive":0,"id":"person_2435_23_0"},{"isPositive":0,"id":"person_2443_23_0"},{"isPositive":0,"id":"person_2437_23_0"},{"isPositive":0,"id":"person_2372_23_0"},{"isPositive":0,"id":"person_2374_23_0"},{"isPositive":0,"id":"person_2436_23_0"},{"isPositive":0,"id":"person_2620_23_0"},{"isPositive":0,"id":"person_2621_23_0"},{"isPositive":0,"id":"person_2585_23_0"},{"isPositive":0,"id":"person_2582_23_0"},{"isPositive":0,"id":"person_2587_23_0"},{"isPositive":0,"id":"person_2581_23_0"},{"isPositive":0,"id":"person_2685_23_0"},{"isPositive":0,"id":"person_2686_23_0"},{"isPositive":0,"id":"person_2697_23_0"},{"isPositive":0,"id":"person_2698_23_0"},{"isPositive":0,"id":"person_2588_23_0"},{"isPositive":0,"id":"person_2594_23_0"},{"isPositive":0,"id":"person_2703_23_0"},{"isPositive":0,"id":"person_2572_23_0"},{"isPositive":0,"id":"person_2571_23_0"},{"isPositive":0,"id":"person_2662_23_0"},{"isPositive":0,"id":"person_2569_23_0"},{"isPositive":0,"id":"person_2681_23_0"},{"isPositive":0,"id":"person_2682_23_0"},{"isPositive":0,"id":"person_2575_23_0"},{"isPositive":0,"id":"person_2579_23_0"},{"isPositive":0,"id":"person_2622_23_0"},{"isPositive":0,"id":"person_2548_23_0"}]