[{"isPositive":0,"id":"person_166_23_0"},{"isPositive":1,"id":"person_56_23_0"},{"isPositive":0,"id":"person_194_23_0"},{"isPositive":0,"id":"person_284_23_0"},{"isPositive":0,"id":"person_287_23_0"},{"isPositive":0,"id":"person_288_23_0"},{"isPositive":0,"id":"person_323_23_0"},{"isPositive":0,"id":"person_322_23_0"},{"isPositive":0,"id":"person_324_23_0"},{"isPositive":0,"id":"person_325_23_0"},{"isPositive":0,"id":"person_217_23_0"},{"isPositive":0,"id":"person_321_23_0"},{"isPositive":0,"id":"person_285_23_0"},{"isPositive":0,"id":"person_286_23_0"},{"isPositive":0,"id":"person_199_23_0"},{"isPositive":0,"id":"person_549_23_0"},{"isPositive":0,"id":"person_656_23_0"},{"isPositive":0,"id":"person_745_23_0"},{"isPositive":0,"id":"person_753_23_0"},{"isPositive":0,"id":"person_747_23_0"},{"isPositive":0,"id":"person_682_23_0"},{"isPositive":0,"id":"person_684_23_0"},{"isPositive":0,"id":"person_746_23_0"},{"isPositive":0,"id":"person_860_23_0"},{"isPositive":0,"id":"person_854_23_0"},{"isPositive":0,"id":"person_938_23_0"},{"isPositive":0,"id":"person_863_23_0"},{"isPositive":0,"id":"person_870_23_0"},{"isPositive":0,"id":"person_1011_23_0"},{"isPositive":0,"id":"person_901_23_0"},{"isPositive":0,"id":"person_1107_23_0"},{"isPositive":0,"id":"person_1032_23_0"},{"isPositive":0,"id":"person_1113_23_0"},{"isPositive":0,"id":"person_1114_23_0"},{"isPositive":0,"id":"person_1036_23_0"},{"isPositive":0,"id":"person_1194_23_0"},{"isPositive":0,"id":"person_1276_23_0"},{"isPositive":0,"id":"person_1201_23_0"},{"isPositive":0,"id":"person_1216_23_0"},{"isPositive":0,"id":"person_1350_23_0"},{"isPositive":0,"id":"person_1241_23_0"},{"isPositive":0,"id":"person_1437_23_0"},{"isPositive":0,"id":"person_1438_23_0"},{"isPositive":0,"id":"person_1402_23_0"},{"isPositive":0,"id":"person_1399_23_0"},{"isPositive":0,"id":"person_1404_23_0"},{"isPositive":0,"id":"person_1398_23_0"},{"isPositive":0,"id":"person_1502_23_0"},{"isPositive":0,"id":"person_1503_23_0"},{"isPositive":0,"id":"person_1514_23_0"},{"isPositive":0,"id":"person_1515_23_0"},{"isPositive":0,"id":"person_1405_23_0"},{"isPositive":0,"id":"person_1411_23_0"},{"isPositive":0,"id":"person_1520_23_0"},{"isPositive":0,"id":"person_1389_23_0"},{"isPositive":0,"id":"person_1388_23_0"},{"isPositive":0,"id":"person_1479_23_0"},{"isPositive":0,"id":"person_1386_23_0"},{"isPositive":0,"id":"person_1498_23_0"},{"isPositive":0,"id":"person_1499_23_0"},{"isPositive":0,"id":"person_1392_23_0"},{"isPositive":0,"id":"person_1396_23_0"},{"isPositive":0,"id":"person_1439_23_0"},{"isPositive":0,"id":"person_1365_23_0"},{"isPositive":0,"id":"person_2122_23_0"},{"isPositive":0,"id":"person_2123_23_0"},{"isPositive":0,"id":"person_2047_23_0"},{"isPositive":0,"id":"person_2259_23_0"},{"isPositive":0,"id":"person_2260_23_0"},{"isPositive":0,"id":"person_2199_23_0"},{"isPositive":0,"id":"person_2258_23_0"},{"isPositive":0,"id":"person_2198_23_0"},{"isPositive":0,"id":"person_2363_23_0"},{"isPositive":0,"id":"person_2253_23_0"},{"isPositive":0,"id":"person_2448_23_0"},{"isPositive":0,"id":"person_2378_23_0"},{"isPositive":0,"id":"person_2450_23_0"},{"isPositive":0,"id":"person_2530_23_0"},{"isPositive":0,"id":"person_2531_23_0"},{"isPositive":0,"id":"person_2500_23_0"},{"isPositive":0,"id":"person_2501_23_0"},{"isPositive":0,"id":"person_2503_23_0"},{"isPositive":0,"id":"person_2504_23_0"},{"isPositive":0,"id":"person_2502_23_0"},{"isPositive":0,"id":"person_2505_23_0"},{"isPositive":0,"id":"person_2506_23_0"},{"isPositive":0,"id":"person_2507_23_0"},{"isPositive":0,"id":"person_2508_23_0"},{"isPositive":0,"id":"person_2509_23_0"},{"isPositive":0,"id":"person_2510_23_0"},{"isPositive":0,"id":"person_2511_23_0"},{"isPositive":0,"id":"person_2405_23_0"},{"isPositive":0,"id":"person_2421_23_0"},{"isPositive":0,"id":"person_2447_23_0"},{"isPositive":0,"id":"person_2449_23_0"},{"isPositive":0,"id":"person_2438_23_0"},{"isPositive":0,"id":"person_2439_23_0"},{"isPositive":0,"id":"person_2409_23_0"},{"isPositive":0,"id":"person_2442_23_0"},{"isPositive":0,"id":"person_2440_23_0"},{"isPositive":0,"id":"person_2441_23_0"},{"isPositive":0,"id":"person_2373_23_0"}]