[{"isPositive":0,"id":"person_109_23_0"},{"isPositive":1,"id":"person_26_23_0"},{"isPositive":0,"id":"person_66_23_0"},{"isPositive":1,"id":"person_4_23_0"},{"isPositive":0,"id":"person_405_23_0"},{"isPositive":0,"id":"person_406_23_0"},{"isPositive":0,"id":"person_343_23_0"},{"isPositive":0,"id":"person_436_23_0"},{"isPositive":0,"id":"person_359_23_0"},{"isPositive":0,"id":"person_379_23_0"},{"isPositive":0,"id":"person_495_23_0"},{"isPositive":0,"id":"person_496_23_0"},{"isPositive":0,"id":"person_497_23_0"},{"isPositive":0,"id":"person_498_23_0"},{"isPositive":0,"id":"person_499_23_0"},{"isPositive":0,"id":"person_387_23_0"},{"isPositive":0,"id":"person_486_23_0"},{"isPositive":0,"id":"person_754_23_0"},{"isPositive":0,"id":"person_755_23_0"},{"isPositive":0,"id":"person_686_23_0"},{"isPositive":0,"id":"person_756_23_0"},{"isPositive":0,"id":"person_727_23_0"},{"isPositive":0,"id":"person_845_23_0"},{"isPositive":0,"id":"person_736_23_0"},{"isPositive":0,"id":"person_935_23_0"},{"isPositive":0,"id":"person_861_23_0"},{"isPositive":0,"id":"person_973_23_0"},{"isPositive":0,"id":"person_974_23_0"},{"isPositive":0,"id":"person_880_23_0"},{"isPositive":0,"id":"person_890_23_0"},{"isPositive":0,"id":"person_957_23_0"},{"isPositive":0,"id":"person_958_23_0"},{"isPositive":0,"id":"person_959_23_0"},{"isPositive":0,"id":"person_874_23_0"},{"isPositive":0,"id":"person_941_23_0"},{"isPositive":0,"id":"person_942_23_0"},{"isPositive":0,"id":"person_865_23_0"},{"isPositive":0,"id":"person_1208_23_0"},{"isPositive":0,"id":"person_1303_23_0"},{"isPositive":0,"id":"person_1304_23_0"},{"isPositive":0,"id":"person_1305_23_0"},{"isPositive":0,"id":"person_1306_23_0"},{"isPositive":0,"id":"person_1307_23_0"},{"isPositive":0,"id":"person_1309_23_0"},{"isPositive":0,"id":"person_1308_23_0"},{"isPositive":0,"id":"person_1214_23_0"},{"isPositive":0,"id":"person_1611_23_0"},{"isPositive":0,"id":"person_1537_23_0"},{"isPositive":0,"id":"person_1615_23_0"},{"isPositive":0,"id":"person_1616_23_0"},{"isPositive":0,"id":"person_1540_23_0"},{"isPositive":0,"id":"person_1759_23_0"},{"isPositive":0,"id":"person_1767_23_0"},{"isPositive":0,"id":"person_1761_23_0"},{"isPositive":0,"id":"person_1696_23_0"},{"isPositive":0,"id":"person_1698_23_0"},{"isPositive":0,"id":"person_1760_23_0"},{"isPositive":0,"id":"person_1937_23_0"},{"isPositive":0,"id":"person_1938_23_0"},{"isPositive":0,"id":"person_1869_23_0"},{"isPositive":0,"id":"person_1939_23_0"},{"isPositive":0,"id":"person_2026_23_0"},{"isPositive":0,"id":"person_1917_23_0"},{"isPositive":0,"id":"person_2110_23_0"},{"isPositive":0,"id":"person_2040_23_0"},{"isPositive":0,"id":"person_2112_23_0"},{"isPositive":0,"id":"person_2192_23_0"},{"isPositive":0,"id":"person_2193_23_0"},{"isPositive":0,"id":"person_2162_23_0"},{"isPositive":0,"id":"person_2163_23_0"},{"isPositive":0,"id":"person_2165_23_0"},{"isPositive":0,"id":"person_2166_23_0"},{"isPositive":0,"id":"person_2164_23_0"},{"isPositive":0,"id":"person_2167_23_0"},{"isPositive":0,"id":"person_2168_23_0"},{"isPositive":0,"id":"person_2169_23_0"},{"isPositive":0,"id":"person_2170_23_0"},{"isPositive":0,"id":"person_2171_23_0"},{"isPositive":0,"id":"person_2172_23_0"},{"isPositive":0,"id":"person_2173_23_0"},{"isPositive":0,"id":"person_2067_23_0"},{"isPositive":0,"id":"person_2083_23_0"},{"isPositive":0,"id":"person_2109_23_0"},{"isPositive":0,"id":"person_2111_23_0"},{"isPositive":0,"id":"person_2100_23_0"},{"isPositive":0,"id":"person_2101_23_0"},{"isPositive":0,"id":"person_2071_23_0"},{"isPositive":0,"id":"person_2104_23_0"},{"isPositive":0,"id":"person_2102_23_0"},{"isPositive":0,"id":"person_2103_23_0"},{"isPositive":0,"id":"person_2035_23_0"},{"isPositive":0,"id":"person_2963_23_0"},{"isPositive":0,"id":"person_2889_23_0"},{"isPositive":0,"id":"person_2967_23_0"},{"isPositive":0,"id":"person_2968_23_0"},{"isPositive":0,"id":"person_2892_23_0"}]