[{"isPositive":0,"id":"person_67_23_0"},{"isPositive":0,"id":"person_68_23_0"},{"isPositive":1,"id":"person_5_23_0"},{"isPositive":0,"id":"person_335_23_0"},{"isPositive":0,"id":"person_225_23_0"},{"isPositive":0,"id":"person_407_23_0"},{"isPositive":0,"id":"person_415_23_0"},{"isPositive":0,"id":"person_409_23_0"},{"isPositive":0,"id":"person_344_23_0"},{"isPositive":0,"id":"person_346_23_0"},{"isPositive":0,"id":"person_408_23_0"},{"isPositive":0,"id":"person_589_23_0"},{"isPositive":0,"id":"person_519_23_0"},{"isPositive":0,"id":"person_591_23_0"},{"isPositive":0,"id":"person_671_23_0"},{"isPositive":0,"id":"person_672_23_0"},{"isPositive":0,"id":"person_641_23_0"},{"isPositive":0,"id":"person_642_23_0"},{"isPositive":0,"id":"person_644_23_0"},{"isPositive":0,"id":"person_645_23_0"},{"isPositive":0,"id":"person_643_23_0"},{"isPositive":0,"id":"person_646_23_0"},{"isPositive":0,"id":"person_647_23_0"},{"isPositive":0,"id":"person_648_23_0"},{"isPositive":0,"id":"person_649_23_0"},{"isPositive":0,"id":"person_650_23_0"},{"isPositive":0,"id":"person_651_23_0"},{"isPositive":0,"id":"person_652_23_0"},{"isPositive":0,"id":"person_546_23_0"},{"isPositive":0,"id":"person_562_23_0"},{"isPositive":0,"id":"person_588_23_0"},{"isPositive":0,"id":"person_590_23_0"},{"isPositive":0,"id":"person_579_23_0"},{"isPositive":0,"id":"person_580_23_0"},{"isPositive":0,"id":"person_550_23_0"},{"isPositive":0,"id":"person_583_23_0"},{"isPositive":0,"id":"person_581_23_0"},{"isPositive":0,"id":"person_582_23_0"},{"isPositive":0,"id":"person_514_23_0"},{"isPositive":0,"id":"person_1419_23_0"},{"isPositive":0,"id":"person_1420_23_0"},{"isPositive":0,"id":"person_1357_23_0"},{"isPositive":0,"id":"person_1480_23_0"},{"isPositive":0,"id":"person_1481_23_0"},{"isPositive":0,"id":"person_1387_23_0"},{"isPositive":0,"id":"person_1397_23_0"},{"isPositive":0,"id":"person_1464_23_0"},{"isPositive":0,"id":"person_1465_23_0"},{"isPositive":0,"id":"person_1466_23_0"},{"isPositive":0,"id":"person_1381_23_0"},{"isPositive":0,"id":"person_1448_23_0"},{"isPositive":0,"id":"person_1449_23_0"},{"isPositive":0,"id":"person_1372_23_0"},{"isPositive":0,"id":"person_1788_23_0"},{"isPositive":0,"id":"person_1711_23_0"},{"isPositive":0,"id":"person_1810_23_0"},{"isPositive":0,"id":"person_1811_23_0"},{"isPositive":0,"id":"person_1812_23_0"},{"isPositive":0,"id":"person_1813_23_0"},{"isPositive":0,"id":"person_1814_23_0"},{"isPositive":0,"id":"person_1816_23_0"},{"isPositive":0,"id":"person_1815_23_0"},{"isPositive":0,"id":"person_1721_23_0"},{"isPositive":0,"id":"person_2116_23_0"},{"isPositive":0,"id":"person_2117_23_0"},{"isPositive":0,"id":"person_2042_23_0"},{"isPositive":0,"id":"person_2061_23_0"},{"isPositive":0,"id":"person_2195_23_0"},{"isPositive":0,"id":"person_2086_23_0"},{"isPositive":0,"id":"person_2282_23_0"},{"isPositive":0,"id":"person_2283_23_0"},{"isPositive":0,"id":"person_2247_23_0"},{"isPositive":0,"id":"person_2244_23_0"},{"isPositive":0,"id":"person_2249_23_0"},{"isPositive":0,"id":"person_2243_23_0"},{"isPositive":0,"id":"person_2347_23_0"},{"isPositive":0,"id":"person_2348_23_0"},{"isPositive":0,"id":"person_2359_23_0"},{"isPositive":0,"id":"person_2360_23_0"},{"isPositive":0,"id":"person_2250_23_0"},{"isPositive":0,"id":"person_2256_23_0"},{"isPositive":0,"id":"person_2365_23_0"},{"isPositive":0,"id":"person_2234_23_0"},{"isPositive":0,"id":"person_2233_23_0"},{"isPositive":0,"id":"person_2324_23_0"},{"isPositive":0,"id":"person_2231_23_0"},{"isPositive":0,"id":"person_2343_23_0"},{"isPositive":0,"id":"person_2344_23_0"},{"isPositive":0,"id":"person_2237_23_0"},{"isPositive":0,"id":"person_2241_23_0"},{"isPositive":0,"id":"person_2284_23_0"},{"isPositive":0,"id":"person_2210_23_0"},{"isPositive":0,"id":"person_2966_23_0"},{"isPositive":0,"id":"person_2891_23_0"},{"isPositive":0,"id":"person_2898_23_0"},{"isPositive":0,"id":"person_2924_23_0"}]