[{"isPositive":0,"id":"person_90_23_0"},{"isPositive":1,"id":"person_16_23_0"},{"isPositive":0,"id":"person_128_23_0"},{"isPositive":0,"id":"person_129_23_0"},{"isPositive":1,"id":"person_35_23_0"},{"isPositive":1,"id":"person_45_23_0"},{"isPositive":0,"id":"person_112_23_0"},{"isPositive":0,"id":"person_113_23_0"},{"isPositive":0,"id":"person_114_23_0"},{"isPositive":1,"id":"person_29_23_0"},{"isPositive":0,"id":"person_96_23_0"},{"isPositive":0,"id":"person_97_23_0"},{"isPositive":1,"id":"person_20_23_0"},{"isPositive":0,"id":"person_601_23_0"},{"isPositive":0,"id":"person_602_23_0"},{"isPositive":0,"id":"person_526_23_0"},{"isPositive":0,"id":"person_740_23_0"},{"isPositive":0,"id":"person_741_23_0"},{"isPositive":0,"id":"person_679_23_0"},{"isPositive":0,"id":"person_804_23_0"},{"isPositive":0,"id":"person_805_23_0"},{"isPositive":0,"id":"person_711_23_0"},{"isPositive":0,"id":"person_721_23_0"},{"isPositive":0,"id":"person_788_23_0"},{"isPositive":0,"id":"person_789_23_0"},{"isPositive":0,"id":"person_790_23_0"},{"isPositive":0,"id":"person_705_23_0"},{"isPositive":0,"id":"person_772_23_0"},{"isPositive":0,"id":"person_773_23_0"},{"isPositive":0,"id":"person_696_23_0"},{"isPositive":0,"id":"person_1108_23_0"},{"isPositive":0,"id":"person_1109_23_0"},{"isPositive":0,"id":"person_1033_23_0"},{"isPositive":0,"id":"person_1181_23_0"},{"isPositive":0,"id":"person_1072_23_0"},{"isPositive":0,"id":"person_1265_23_0"},{"isPositive":0,"id":"person_1195_23_0"},{"isPositive":0,"id":"person_1267_23_0"},{"isPositive":0,"id":"person_1347_23_0"},{"isPositive":0,"id":"person_1348_23_0"},{"isPositive":0,"id":"person_1317_23_0"},{"isPositive":0,"id":"person_1318_23_0"},{"isPositive":0,"id":"person_1320_23_0"},{"isPositive":0,"id":"person_1321_23_0"},{"isPositive":0,"id":"person_1319_23_0"},{"isPositive":0,"id":"person_1322_23_0"},{"isPositive":0,"id":"person_1323_23_0"},{"isPositive":0,"id":"person_1324_23_0"},{"isPositive":0,"id":"person_1325_23_0"},{"isPositive":0,"id":"person_1326_23_0"},{"isPositive":0,"id":"person_1327_23_0"},{"isPositive":0,"id":"person_1328_23_0"},{"isPositive":0,"id":"person_1222_23_0"},{"isPositive":0,"id":"person_1238_23_0"},{"isPositive":0,"id":"person_1264_23_0"},{"isPositive":0,"id":"person_1266_23_0"},{"isPositive":0,"id":"person_1255_23_0"},{"isPositive":0,"id":"person_1256_23_0"},{"isPositive":0,"id":"person_1226_23_0"},{"isPositive":0,"id":"person_1259_23_0"},{"isPositive":0,"id":"person_1257_23_0"},{"isPositive":0,"id":"person_1258_23_0"},{"isPositive":0,"id":"person_1190_23_0"},{"isPositive":0,"id":"person_2118_23_0"},{"isPositive":0,"id":"person_2044_23_0"},{"isPositive":0,"id":"person_2156_23_0"},{"isPositive":0,"id":"person_2157_23_0"},{"isPositive":0,"id":"person_2063_23_0"},{"isPositive":0,"id":"person_2073_23_0"},{"isPositive":0,"id":"person_2140_23_0"},{"isPositive":0,"id":"person_2141_23_0"},{"isPositive":0,"id":"person_2142_23_0"},{"isPositive":0,"id":"person_2057_23_0"},{"isPositive":0,"id":"person_2124_23_0"},{"isPositive":0,"id":"person_2125_23_0"},{"isPositive":0,"id":"person_2048_23_0"},{"isPositive":0,"id":"person_2465_23_0"},{"isPositive":0,"id":"person_2466_23_0"},{"isPositive":0,"id":"person_2388_23_0"},{"isPositive":0,"id":"person_2644_23_0"},{"isPositive":0,"id":"person_2561_23_0"},{"isPositive":0,"id":"person_2601_23_0"},{"isPositive":0,"id":"person_2539_23_0"},{"isPositive":0,"id":"person_2576_23_0"},{"isPositive":0,"id":"person_2692_23_0"},{"isPositive":0,"id":"person_2693_23_0"},{"isPositive":0,"id":"person_2694_23_0"},{"isPositive":0,"id":"person_2695_23_0"},{"isPositive":0,"id":"person_2696_23_0"},{"isPositive":0,"id":"person_2584_23_0"},{"isPositive":0,"id":"person_2683_23_0"},{"isPositive":0,"id":"person_2958_23_0"},{"isPositive":0,"id":"person_2959_23_0"},{"isPositive":0,"id":"person_2923_23_0"},{"isPositive":0,"id":"person_2920_23_0"},{"isPositive":0,"id":"person_2925_23_0"},{"isPositive":0,"id":"person_2919_23_0"},{"isPositive":0,"id":"person_3023_23_0"},{"isPositive":0,"id":"person_3024_23_0"},{"isPositive":0,"id":"person_3035_23_0"},{"isPositive":0,"id":"person_3036_23_0"},{"isPositive":0,"id":"person_2926_23_0"},{"isPositive":0,"id":"person_2932_23_0"},{"isPositive":0,"id":"person_3041_23_0"},{"isPositive":0,"id":"person_2910_23_0"},{"isPositive":0,"id":"person_2909_23_0"},{"isPositive":0,"id":"person_3000_23_0"},{"isPositive":0,"id":"person_2907_23_0"},{"isPositive":0,"id":"person_3019_23_0"},{"isPositive":0,"id":"person_3020_23_0"},{"isPositive":0,"id":"person_2913_23_0"},{"isPositive":0,"id":"person_2917_23_0"},{"isPositive":0,"id":"person_2960_23_0"},{"isPositive":0,"id":"person_2886_23_0"}]