[{"isPositive":0,"id":"person_64_23_0"},{"isPositive":0,"id":"person_65_23_0"},{"isPositive":1,"id":"person_3_23_0"},{"isPositive":0,"id":"person_85_23_0"},{"isPositive":0,"id":"person_86_23_0"},{"isPositive":1,"id":"person_50_23_0"},{"isPositive":1,"id":"person_47_23_0"},{"isPositive":1,"id":"person_52_23_0"},{"isPositive":1,"id":"person_46_23_0"},{"isPositive":0,"id":"person_150_23_0"},{"isPositive":0,"id":"person_151_23_0"},{"isPositive":0,"id":"person_162_23_0"},{"isPositive":0,"id":"person_163_23_0"},{"isPositive":1,"id":"person_53_23_0"},{"isPositive":1,"id":"person_59_23_0"},{"isPositive":0,"id":"person_168_23_0"},{"isPositive":1,"id":"person_37_23_0"},{"isPositive":1,"id":"person_36_23_0"},{"isPositive":0,"id":"person_127_23_0"},{"isPositive":1,"id":"person_34_23_0"},{"isPositive":0,"id":"person_146_23_0"},{"isPositive":0,"id":"person_147_23_0"},{"isPositive":1,"id":"person_40_23_0"},{"isPositive":1,"id":"person_44_23_0"},{"isPositive":0,"id":"person_87_23_0"},{"isPositive":1,"id":"person_13_23_0"},{"isPositive":1,"id":"person_42_23_0"},{"isPositive":0,"id":"person_149_23_0"},{"isPositive":0,"id":"person_1123_23_0"},{"isPositive":0,"id":"person_1040_23_0"},{"isPositive":0,"id":"person_1080_23_0"},{"isPositive":0,"id":"person_1018_23_0"},{"isPositive":0,"id":"person_1129_23_0"},{"isPositive":0,"id":"person_1132_23_0"},{"isPositive":0,"id":"person_1133_23_0"},{"isPositive":0,"id":"person_1168_23_0"},{"isPositive":0,"id":"person_1167_23_0"},{"isPositive":0,"id":"person_1169_23_0"},{"isPositive":0,"id":"person_1170_23_0"},{"isPositive":0,"id":"person_1062_23_0"},{"isPositive":0,"id":"person_1166_23_0"},{"isPositive":0,"id":"person_1130_23_0"},{"isPositive":0,"id":"person_1131_23_0"},{"isPositive":0,"id":"person_1044_23_0"},{"isPositive":0,"id":"person_1519_23_0"},{"isPositive":0,"id":"person_1410_23_0"},{"isPositive":0,"id":"person_1536_23_0"},{"isPositive":0,"id":"person_1530_23_0"},{"isPositive":0,"id":"person_1649_23_0"},{"isPositive":0,"id":"person_1650_23_0"},{"isPositive":0,"id":"person_1556_23_0"},{"isPositive":0,"id":"person_1566_23_0"},{"isPositive":0,"id":"person_1633_23_0"},{"isPositive":0,"id":"person_1634_23_0"},{"isPositive":0,"id":"person_1635_23_0"},{"isPositive":0,"id":"person_1550_23_0"},{"isPositive":0,"id":"person_1617_23_0"},{"isPositive":0,"id":"person_1618_23_0"},{"isPositive":0,"id":"person_1541_23_0"},{"isPositive":0,"id":"person_1957_23_0"},{"isPositive":0,"id":"person_1880_23_0"},{"isPositive":0,"id":"person_2025_23_0"},{"isPositive":0,"id":"person_1915_23_0"},{"isPositive":0,"id":"person_2043_23_0"},{"isPositive":0,"id":"person_2037_23_0"},{"isPositive":0,"id":"person_2126_23_0"},{"isPositive":0,"id":"person_2049_23_0"},{"isPositive":0,"id":"person_2197_23_0"},{"isPositive":0,"id":"person_2088_23_0"},{"isPositive":0,"id":"person_2208_23_0"},{"isPositive":0,"id":"person_2290_23_0"},{"isPositive":0,"id":"person_2215_23_0"},{"isPositive":0,"id":"person_2238_23_0"},{"isPositive":0,"id":"person_2354_23_0"},{"isPositive":0,"id":"person_2355_23_0"},{"isPositive":0,"id":"person_2356_23_0"},{"isPositive":0,"id":"person_2357_23_0"},{"isPositive":0,"id":"person_2358_23_0"},{"isPositive":0,"id":"person_2246_23_0"},{"isPositive":0,"id":"person_2345_23_0"},{"isPositive":0,"id":"person_2623_23_0"},{"isPositive":0,"id":"person_2624_23_0"},{"isPositive":0,"id":"person_2549_23_0"},{"isPositive":0,"id":"person_2568_23_0"},{"isPositive":0,"id":"person_2704_23_0"},{"isPositive":0,"id":"person_2595_23_0"},{"isPositive":0,"id":"person_2794_23_0"},{"isPositive":0,"id":"person_2720_23_0"},{"isPositive":0,"id":"person_2761_23_0"},{"isPositive":0,"id":"person_2736_23_0"},{"isPositive":0,"id":"person_2837_23_0"},{"isPositive":0,"id":"person_2834_23_0"},{"isPositive":0,"id":"person_2742_23_0"},{"isPositive":0,"id":"person_2835_23_0"},{"isPositive":0,"id":"person_2836_23_0"},{"isPositive":0,"id":"person_2809_23_0"},{"isPositive":0,"id":"person_2810_23_0"},{"isPositive":0,"id":"person_2811_23_0"},{"isPositive":0,"id":"person_2812_23_0"},{"isPositive":0,"id":"person_2728_23_0"}]