[{"isPositive":0,"id":"person_180_23_0"},{"isPositive":0,"id":"person_259_23_0"},{"isPositive":0,"id":"person_185_23_0"},{"isPositive":0,"id":"person_202_23_0"},{"isPositive":0,"id":"person_338_23_0"},{"isPositive":0,"id":"person_229_23_0"},{"isPositive":0,"id":"person_428_23_0"},{"isPositive":0,"id":"person_354_23_0"},{"isPositive":0,"id":"person_363_23_0"},{"isPositive":0,"id":"person_371_23_0"},{"isPositive":0,"id":"person_569_23_0"},{"isPositive":0,"id":"person_570_23_0"},{"isPositive":0,"id":"person_509_23_0"},{"isPositive":0,"id":"person_568_23_0"},{"isPositive":0,"id":"person_508_23_0"},{"isPositive":0,"id":"person_548_23_0"},{"isPositive":0,"id":"person_664_23_0"},{"isPositive":0,"id":"person_665_23_0"},{"isPositive":0,"id":"person_666_23_0"},{"isPositive":0,"id":"person_667_23_0"},{"isPositive":0,"id":"person_668_23_0"},{"isPositive":0,"id":"person_556_23_0"},{"isPositive":0,"id":"person_655_23_0"},{"isPositive":0,"id":"person_923_23_0"},{"isPositive":0,"id":"person_924_23_0"},{"isPositive":0,"id":"person_855_23_0"},{"isPositive":0,"id":"person_925_23_0"},{"isPositive":0,"id":"person_965_23_0"},{"isPositive":0,"id":"person_966_23_0"},{"isPositive":0,"id":"person_967_23_0"},{"isPositive":0,"id":"person_968_23_0"},{"isPositive":0,"id":"person_969_23_0"},{"isPositive":0,"id":"person_971_23_0"},{"isPositive":0,"id":"person_970_23_0"},{"isPositive":0,"id":"person_876_23_0"},{"isPositive":0,"id":"person_1273_23_0"},{"isPositive":0,"id":"person_1199_23_0"},{"isPositive":0,"id":"person_1311_23_0"},{"isPositive":0,"id":"person_1312_23_0"},{"isPositive":0,"id":"person_1218_23_0"},{"isPositive":0,"id":"person_1228_23_0"},{"isPositive":0,"id":"person_1295_23_0"},{"isPositive":0,"id":"person_1296_23_0"},{"isPositive":0,"id":"person_1297_23_0"},{"isPositive":0,"id":"person_1212_23_0"},{"isPositive":0,"id":"person_1279_23_0"},{"isPositive":0,"id":"person_1280_23_0"},{"isPositive":0,"id":"person_1203_23_0"},{"isPositive":0,"id":"person_1578_23_0"},{"isPositive":0,"id":"person_1553_23_0"},{"isPositive":0,"id":"person_1654_23_0"},{"isPositive":0,"id":"person_1651_23_0"},{"isPositive":0,"id":"person_1559_23_0"},{"isPositive":0,"id":"person_1652_23_0"},{"isPositive":0,"id":"person_1653_23_0"},{"isPositive":0,"id":"person_1626_23_0"},{"isPositive":0,"id":"person_1627_23_0"},{"isPositive":0,"id":"person_1628_23_0"},{"isPositive":0,"id":"person_1629_23_0"},{"isPositive":0,"id":"person_1545_23_0"},{"isPositive":0,"id":"person_1900_23_0"},{"isPositive":0,"id":"person_2016_23_0"},{"isPositive":0,"id":"person_2017_23_0"},{"isPositive":0,"id":"person_2018_23_0"},{"isPositive":0,"id":"person_2019_23_0"},{"isPositive":0,"id":"person_2020_23_0"},{"isPositive":0,"id":"person_1908_23_0"},{"isPositive":0,"id":"person_2007_23_0"},{"isPositive":0,"id":"person_2279_23_0"},{"isPositive":0,"id":"person_2209_23_0"},{"isPositive":0,"id":"person_2281_23_0"},{"isPositive":0,"id":"person_2361_23_0"},{"isPositive":0,"id":"person_2362_23_0"},{"isPositive":0,"id":"person_2331_23_0"},{"isPositive":0,"id":"person_2332_23_0"},{"isPositive":0,"id":"person_2334_23_0"},{"isPositive":0,"id":"person_2335_23_0"},{"isPositive":0,"id":"person_2333_23_0"},{"isPositive":0,"id":"person_2336_23_0"},{"isPositive":0,"id":"person_2337_23_0"},{"isPositive":0,"id":"person_2338_23_0"},{"isPositive":0,"id":"person_2339_23_0"},{"isPositive":0,"id":"person_2340_23_0"},{"isPositive":0,"id":"person_2341_23_0"},{"isPositive":0,"id":"person_2342_23_0"},{"isPositive":0,"id":"person_2236_23_0"},{"isPositive":0,"id":"person_2252_23_0"},{"isPositive":0,"id":"person_2278_23_0"},{"isPositive":0,"id":"person_2280_23_0"},{"isPositive":0,"id":"person_2269_23_0"},{"isPositive":0,"id":"person_2270_23_0"},{"isPositive":0,"id":"person_2240_23_0"},{"isPositive":0,"id":"person_2273_23_0"},{"isPositive":0,"id":"person_2271_23_0"},{"isPositive":0,"id":"person_2272_23_0"},{"isPositive":0,"id":"person_2204_23_0"}]