[{"isPositive":1,"id":"person_51_23_0"},{"isPositive":0,"id":"person_262_23_0"},{"isPositive":0,"id":"person_187_23_0"},{"isPositive":0,"id":"person_289_23_0"},{"isPositive":0,"id":"person_290_23_0"},{"isPositive":0,"id":"person_291_23_0"},{"isPositive":0,"id":"person_292_23_0"},{"isPositive":0,"id":"person_293_23_0"},{"isPositive":0,"id":"person_295_23_0"},{"isPositive":0,"id":"person_294_23_0"},{"isPositive":0,"id":"person_200_23_0"},{"isPositive":0,"id":"person_585_23_0"},{"isPositive":0,"id":"person_586_23_0"},{"isPositive":0,"id":"person_517_23_0"},{"isPositive":0,"id":"person_587_23_0"},{"isPositive":0,"id":"person_627_23_0"},{"isPositive":0,"id":"person_628_23_0"},{"isPositive":0,"id":"person_629_23_0"},{"isPositive":0,"id":"person_630_23_0"},{"isPositive":0,"id":"person_631_23_0"},{"isPositive":0,"id":"person_633_23_0"},{"isPositive":0,"id":"person_632_23_0"},{"isPositive":0,"id":"person_538_23_0"},{"isPositive":0,"id":"person_856_23_0"},{"isPositive":0,"id":"person_933_23_0"},{"isPositive":0,"id":"person_934_23_0"},{"isPositive":0,"id":"person_859_23_0"},{"isPositive":0,"id":"person_960_23_0"},{"isPositive":0,"id":"person_963_23_0"},{"isPositive":0,"id":"person_964_23_0"},{"isPositive":0,"id":"person_999_23_0"},{"isPositive":0,"id":"person_998_23_0"},{"isPositive":0,"id":"person_1000_23_0"},{"isPositive":0,"id":"person_1001_23_0"},{"isPositive":0,"id":"person_893_23_0"},{"isPositive":0,"id":"person_997_23_0"},{"isPositive":0,"id":"person_961_23_0"},{"isPositive":0,"id":"person_962_23_0"},{"isPositive":0,"id":"person_875_23_0"},{"isPositive":0,"id":"person_1461_23_0"},{"isPositive":0,"id":"person_1378_23_0"},{"isPositive":0,"id":"person_1418_23_0"},{"isPositive":0,"id":"person_1356_23_0"},{"isPositive":0,"id":"person_1377_23_0"},{"isPositive":0,"id":"person_1472_23_0"},{"isPositive":0,"id":"person_1473_23_0"},{"isPositive":0,"id":"person_1474_23_0"},{"isPositive":0,"id":"person_1475_23_0"},{"isPositive":0,"id":"person_1476_23_0"},{"isPositive":0,"id":"person_1478_23_0"},{"isPositive":0,"id":"person_1477_23_0"},{"isPositive":0,"id":"person_1383_23_0"},{"isPositive":0,"id":"person_1780_23_0"},{"isPositive":0,"id":"person_1706_23_0"},{"isPositive":0,"id":"person_1789_23_0"},{"isPositive":0,"id":"person_1790_23_0"},{"isPositive":0,"id":"person_1712_23_0"},{"isPositive":0,"id":"person_1874_23_0"},{"isPositive":0,"id":"person_1868_23_0"},{"isPositive":0,"id":"person_1953_23_0"},{"isPositive":0,"id":"person_1954_23_0"},{"isPositive":0,"id":"person_1878_23_0"},{"isPositive":0,"id":"person_2095_23_0"},{"isPositive":0,"id":"person_2096_23_0"},{"isPositive":0,"id":"person_2033_23_0"},{"isPositive":0,"id":"person_2127_23_0"},{"isPositive":0,"id":"person_2128_23_0"},{"isPositive":0,"id":"person_2050_23_0"},{"isPositive":0,"id":"person_2266_23_0"},{"isPositive":0,"id":"person_2274_23_0"},{"isPositive":0,"id":"person_2268_23_0"},{"isPositive":0,"id":"person_2203_23_0"},{"isPositive":0,"id":"person_2205_23_0"},{"isPositive":0,"id":"person_2267_23_0"},{"isPositive":0,"id":"person_2377_23_0"},{"isPositive":0,"id":"person_2476_23_0"},{"isPositive":0,"id":"person_2393_23_0"},{"isPositive":0,"id":"person_2477_23_0"},{"isPositive":0,"id":"person_2394_23_0"},{"isPositive":0,"id":"person_2420_23_0"},{"isPositive":0,"id":"person_2468_23_0"},{"isPositive":0,"id":"person_2469_23_0"},{"isPositive":0,"id":"person_2470_23_0"},{"isPositive":0,"id":"person_2389_23_0"},{"isPositive":0,"id":"person_2467_23_0"},{"isPositive":0,"id":"person_2457_23_0"},{"isPositive":0,"id":"person_2458_23_0"},{"isPositive":0,"id":"person_2383_23_0"},{"isPositive":0,"id":"person_2824_23_0"},{"isPositive":0,"id":"person_2825_23_0"},{"isPositive":0,"id":"person_2826_23_0"},{"isPositive":0,"id":"person_2827_23_0"},{"isPositive":0,"id":"person_2828_23_0"},{"isPositive":0,"id":"person_2830_23_0"},{"isPositive":0,"id":"person_2829_23_0"},{"isPositive":0,"id":"person_2735_23_0"}]