[{"isPositive":0,"id":"person_157_23_0"},{"isPositive":0,"id":"person_158_23_0"},{"isPositive":0,"id":"person_159_23_0"},{"isPositive":0,"id":"person_160_23_0"},{"isPositive":0,"id":"person_161_23_0"},{"isPositive":1,"id":"person_49_23_0"},{"isPositive":0,"id":"person_148_23_0"},{"isPositive":1,"id":"person_41_23_0"},{"isPositive":0,"id":"person_458_23_0"},{"isPositive":0,"id":"person_459_23_0"},{"isPositive":0,"id":"person_460_23_0"},{"isPositive":0,"id":"person_461_23_0"},{"isPositive":0,"id":"person_462_23_0"},{"isPositive":0,"id":"person_464_23_0"},{"isPositive":0,"id":"person_463_23_0"},{"isPositive":0,"id":"person_369_23_0"},{"isPositive":0,"id":"person_743_23_0"},{"isPositive":0,"id":"person_744_23_0"},{"isPositive":0,"id":"person_681_23_0"},{"isPositive":0,"id":"person_770_23_0"},{"isPositive":0,"id":"person_771_23_0"},{"isPositive":0,"id":"person_695_23_0"},{"isPositive":0,"id":"person_909_23_0"},{"isPositive":0,"id":"person_910_23_0"},{"isPositive":0,"id":"person_848_23_0"},{"isPositive":0,"id":"person_939_23_0"},{"isPositive":0,"id":"person_940_23_0"},{"isPositive":0,"id":"person_864_23_0"},{"isPositive":0,"id":"person_1014_23_0"},{"isPositive":0,"id":"person_905_23_0"},{"isPositive":0,"id":"person_1104_23_0"},{"isPositive":0,"id":"person_1030_23_0"},{"isPositive":0,"id":"person_1071_23_0"},{"isPositive":0,"id":"person_1046_23_0"},{"isPositive":0,"id":"person_1147_23_0"},{"isPositive":0,"id":"person_1144_23_0"},{"isPositive":0,"id":"person_1052_23_0"},{"isPositive":0,"id":"person_1145_23_0"},{"isPositive":0,"id":"person_1146_23_0"},{"isPositive":0,"id":"person_1119_23_0"},{"isPositive":0,"id":"person_1120_23_0"},{"isPositive":0,"id":"person_1121_23_0"},{"isPositive":0,"id":"person_1122_23_0"},{"isPositive":0,"id":"person_1038_23_0"},{"isPositive":0,"id":"person_1521_23_0"},{"isPositive":0,"id":"person_1412_23_0"},{"isPositive":0,"id":"person_1603_23_0"},{"isPositive":0,"id":"person_1533_23_0"},{"isPositive":0,"id":"person_1605_23_0"},{"isPositive":0,"id":"person_1685_23_0"},{"isPositive":0,"id":"person_1686_23_0"},{"isPositive":0,"id":"person_1655_23_0"},{"isPositive":0,"id":"person_1656_23_0"},{"isPositive":0,"id":"person_1658_23_0"},{"isPositive":0,"id":"person_1659_23_0"},{"isPositive":0,"id":"person_1657_23_0"},{"isPositive":0,"id":"person_1660_23_0"},{"isPositive":0,"id":"person_1661_23_0"},{"isPositive":0,"id":"person_1662_23_0"},{"isPositive":0,"id":"person_1663_23_0"},{"isPositive":0,"id":"person_1664_23_0"},{"isPositive":0,"id":"person_1665_23_0"},{"isPositive":0,"id":"person_1666_23_0"},{"isPositive":0,"id":"person_1560_23_0"},{"isPositive":0,"id":"person_1576_23_0"},{"isPositive":0,"id":"person_1602_23_0"},{"isPositive":0,"id":"person_1604_23_0"},{"isPositive":0,"id":"person_1593_23_0"},{"isPositive":0,"id":"person_1594_23_0"},{"isPositive":0,"id":"person_1564_23_0"},{"isPositive":0,"id":"person_1597_23_0"},{"isPositive":0,"id":"person_1595_23_0"},{"isPositive":0,"id":"person_1596_23_0"},{"isPositive":0,"id":"person_1528_23_0"},{"isPositive":0,"id":"person_2456_23_0"},{"isPositive":0,"id":"person_2382_23_0"},{"isPositive":0,"id":"person_2460_23_0"},{"isPositive":0,"id":"person_2461_23_0"},{"isPositive":0,"id":"person_2385_23_0"},{"isPositive":0,"id":"person_2602_23_0"},{"isPositive":0,"id":"person_2603_23_0"},{"isPositive":0,"id":"person_2540_23_0"},{"isPositive":0,"id":"person_2634_23_0"},{"isPositive":0,"id":"person_2635_23_0"},{"isPositive":0,"id":"person_2557_23_0"},{"isPositive":0,"id":"person_2786_23_0"},{"isPositive":0,"id":"person_2716_23_0"},{"isPositive":0,"id":"person_2788_23_0"},{"isPositive":0,"id":"person_2868_23_0"},{"isPositive":0,"id":"person_2869_23_0"},{"isPositive":0,"id":"person_2838_23_0"},{"isPositive":0,"id":"person_2839_23_0"},{"isPositive":0,"id":"person_2841_23_0"},{"isPositive":0,"id":"person_2842_23_0"},{"isPositive":0,"id":"person_2840_23_0"},{"isPositive":0,"id":"person_2843_23_0"},{"isPositive":0,"id":"person_2844_23_0"},{"isPositive":0,"id":"person_2845_23_0"},{"isPositive":0,"id":"person_2846_23_0"},{"isPositive":0,"id":"person_2847_23_0"},{"isPositive":0,"id":"person_2848_23_0"},{"isPositive":0,"id":"person_2849_23_0"},{"isPositive":0,"id":"person_2743_23_0"},{"isPositive":0,"id":"person_2759_23_0"},{"isPositive":0,"id":"person_2785_23_0"},{"isPositive":0,"id":"person_2787_23_0"},{"isPositive":0,"id":"person_2776_23_0"},{"isPositive":0,"id":"person_2777_23_0"},{"isPositive":0,"id":"person_2747_23_0"},{"isPositive":0,"id":"person_2780_23_0"},{"isPositive":0,"id":"person_2778_23_0"},{"isPositive":0,"id":"person_2779_23_0"},{"isPositive":0,"id":"person_2711_23_0"}]