[{"isPositive":0,"id":"person_233_23_0"},{"isPositive":0,"id":"person_234_23_0"},{"isPositive":0,"id":"person_172_23_0"},{"isPositive":0,"id":"person_220_23_0"},{"isPositive":0,"id":"person_336_23_0"},{"isPositive":0,"id":"person_227_23_0"},{"isPositive":0,"id":"person_448_23_0"},{"isPositive":0,"id":"person_365_23_0"},{"isPositive":0,"id":"person_449_23_0"},{"isPositive":0,"id":"person_366_23_0"},{"isPositive":0,"id":"person_392_23_0"},{"isPositive":0,"id":"person_440_23_0"},{"isPositive":0,"id":"person_441_23_0"},{"isPositive":0,"id":"person_442_23_0"},{"isPositive":0,"id":"person_361_23_0"},{"isPositive":0,"id":"person_439_23_0"},{"isPositive":0,"id":"person_429_23_0"},{"isPositive":0,"id":"person_430_23_0"},{"isPositive":0,"id":"person_355_23_0"},{"isPositive":0,"id":"person_774_23_0"},{"isPositive":0,"id":"person_697_23_0"},{"isPositive":0,"id":"person_709_23_0"},{"isPositive":0,"id":"person_907_23_0"},{"isPositive":0,"id":"person_908_23_0"},{"isPositive":0,"id":"person_847_23_0"},{"isPositive":0,"id":"person_906_23_0"},{"isPositive":0,"id":"person_846_23_0"},{"isPositive":0,"id":"person_886_23_0"},{"isPositive":0,"id":"person_1002_23_0"},{"isPositive":0,"id":"person_1003_23_0"},{"isPositive":0,"id":"person_1004_23_0"},{"isPositive":0,"id":"person_1005_23_0"},{"isPositive":0,"id":"person_1006_23_0"},{"isPositive":0,"id":"person_894_23_0"},{"isPositive":0,"id":"person_993_23_0"},{"isPositive":0,"id":"person_1271_23_0"},{"isPositive":0,"id":"person_1272_23_0"},{"isPositive":0,"id":"person_1197_23_0"},{"isPositive":0,"id":"person_1224_23_0"},{"isPositive":0,"id":"person_1340_23_0"},{"isPositive":0,"id":"person_1341_23_0"},{"isPositive":0,"id":"person_1342_23_0"},{"isPositive":0,"id":"person_1343_23_0"},{"isPositive":0,"id":"person_1344_23_0"},{"isPositive":0,"id":"person_1232_23_0"},{"isPositive":0,"id":"person_1331_23_0"},{"isPositive":0,"id":"person_1609_23_0"},{"isPositive":0,"id":"person_1610_23_0"},{"isPositive":0,"id":"person_1535_23_0"},{"isPositive":0,"id":"person_1554_23_0"},{"isPositive":0,"id":"person_1688_23_0"},{"isPositive":0,"id":"person_1579_23_0"},{"isPositive":0,"id":"person_1701_23_0"},{"isPositive":0,"id":"person_1783_23_0"},{"isPositive":0,"id":"person_1708_23_0"},{"isPositive":0,"id":"person_1723_23_0"},{"isPositive":0,"id":"person_1921_23_0"},{"isPositive":0,"id":"person_1922_23_0"},{"isPositive":0,"id":"person_1861_23_0"},{"isPositive":0,"id":"person_1920_23_0"},{"isPositive":0,"id":"person_1860_23_0"},{"isPositive":0,"id":"person_2028_23_0"},{"isPositive":0,"id":"person_1919_23_0"},{"isPositive":0,"id":"person_2097_23_0"},{"isPositive":0,"id":"person_2105_23_0"},{"isPositive":0,"id":"person_2099_23_0"},{"isPositive":0,"id":"person_2034_23_0"},{"isPositive":0,"id":"person_2036_23_0"},{"isPositive":0,"id":"person_2098_23_0"},{"isPositive":0,"id":"person_2287_23_0"},{"isPositive":0,"id":"person_2213_23_0"},{"isPositive":0,"id":"person_2296_23_0"},{"isPositive":0,"id":"person_2297_23_0"},{"isPositive":0,"id":"person_2219_23_0"},{"isPositive":0,"id":"person_2444_23_0"},{"isPositive":0,"id":"person_2445_23_0"},{"isPositive":0,"id":"person_2376_23_0"},{"isPositive":0,"id":"person_2446_23_0"},{"isPositive":0,"id":"person_2533_23_0"},{"isPositive":0,"id":"person_2424_23_0"},{"isPositive":0,"id":"person_2550_23_0"},{"isPositive":0,"id":"person_2544_23_0"},{"isPositive":0,"id":"person_2633_23_0"},{"isPositive":0,"id":"person_2556_23_0"},{"isPositive":0,"id":"person_2766_23_0"},{"isPositive":0,"id":"person_2767_23_0"},{"isPositive":0,"id":"person_2706_23_0"},{"isPositive":0,"id":"person_2765_23_0"},{"isPositive":0,"id":"person_2705_23_0"},{"isPositive":0,"id":"person_2870_23_0"},{"isPositive":0,"id":"person_2760_23_0"},{"isPositive":0,"id":"person_2955_23_0"},{"isPositive":0,"id":"person_2885_23_0"},{"isPositive":0,"id":"person_2957_23_0"},{"isPositive":0,"id":"person_3037_23_0"},{"isPositive":0,"id":"person_3038_23_0"},{"isPositive":0,"id":"person_3007_23_0"},{"isPositive":0,"id":"person_3008_23_0"},{"isPositive":0,"id":"person_3010_23_0"},{"isPositive":0,"id":"person_3011_23_0"},{"isPositive":0,"id":"person_3009_23_0"},{"isPositive":0,"id":"person_3012_23_0"},{"isPositive":0,"id":"person_3013_23_0"},{"isPositive":0,"id":"person_3014_23_0"},{"isPositive":0,"id":"person_3015_23_0"},{"isPositive":0,"id":"person_3016_23_0"},{"isPositive":0,"id":"person_3017_23_0"},{"isPositive":0,"id":"person_3018_23_0"},{"isPositive":0,"id":"person_2912_23_0"},{"isPositive":0,"id":"person_2928_23_0"},{"isPositive":0,"id":"person_2954_23_0"},{"isPositive":0,"id":"person_2956_23_0"},{"isPositive":0,"id":"person_2945_23_0"},{"isPositive":0,"id":"person_2946_23_0"},{"isPositive":0,"id":"person_2916_23_0"},{"isPositive":0,"id":"person_2949_23_0"},{"isPositive":0,"id":"person_2947_23_0"},{"isPositive":0,"id":"person_2948_23_0"},{"isPositive":0,"id":"person_2880_23_0"}]