[{"isPositive":0,"id":"person_88_23_0"},{"isPositive":0,"id":"person_89_23_0"},{"isPositive":1,"id":"person_14_23_0"},{"isPositive":0,"id":"person_167_23_0"},{"isPositive":1,"id":"person_58_23_0"},{"isPositive":0,"id":"person_423_23_0"},{"isPositive":0,"id":"person_424_23_0"},{"isPositive":0,"id":"person_388_23_0"},{"isPositive":0,"id":"person_385_23_0"},{"isPositive":0,"id":"person_390_23_0"},{"isPositive":0,"id":"person_384_23_0"},{"isPositive":0,"id":"person_488_23_0"},{"isPositive":0,"id":"person_489_23_0"},{"isPositive":0,"id":"person_500_23_0"},{"isPositive":0,"id":"person_501_23_0"},{"isPositive":0,"id":"person_391_23_0"},{"isPositive":0,"id":"person_397_23_0"},{"isPositive":0,"id":"person_506_23_0"},{"isPositive":0,"id":"person_375_23_0"},{"isPositive":0,"id":"person_374_23_0"},{"isPositive":0,"id":"person_465_23_0"},{"isPositive":0,"id":"person_372_23_0"},{"isPositive":0,"id":"person_484_23_0"},{"isPositive":0,"id":"person_485_23_0"},{"isPositive":0,"id":"person_378_23_0"},{"isPositive":0,"id":"person_382_23_0"},{"isPositive":0,"id":"person_425_23_0"},{"isPositive":0,"id":"person_351_23_0"},{"isPositive":0,"id":"person_1076_23_0"},{"isPositive":0,"id":"person_1077_23_0"},{"isPositive":0,"id":"person_1016_23_0"},{"isPositive":0,"id":"person_1075_23_0"},{"isPositive":0,"id":"person_1015_23_0"},{"isPositive":0,"id":"person_1247_23_0"},{"isPositive":0,"id":"person_1248_23_0"},{"isPositive":0,"id":"person_1186_23_0"},{"isPositive":0,"id":"person_1277_23_0"},{"isPositive":0,"id":"person_1278_23_0"},{"isPositive":0,"id":"person_1202_23_0"},{"isPositive":0,"id":"person_1414_23_0"},{"isPositive":0,"id":"person_1415_23_0"},{"isPositive":0,"id":"person_1354_23_0"},{"isPositive":0,"id":"person_1413_23_0"},{"isPositive":0,"id":"person_1353_23_0"},{"isPositive":0,"id":"person_1518_23_0"},{"isPositive":0,"id":"person_1408_23_0"},{"isPositive":0,"id":"person_1599_23_0"},{"isPositive":0,"id":"person_1600_23_0"},{"isPositive":0,"id":"person_1531_23_0"},{"isPositive":0,"id":"person_1601_23_0"},{"isPositive":0,"id":"person_1752_23_0"},{"isPositive":0,"id":"person_1753_23_0"},{"isPositive":0,"id":"person_1692_23_0"},{"isPositive":0,"id":"person_1751_23_0"},{"isPositive":0,"id":"person_1691_23_0"},{"isPositive":0,"id":"person_1741_23_0"},{"isPositive":0,"id":"person_1859_23_0"},{"isPositive":0,"id":"person_1750_23_0"},{"isPositive":0,"id":"person_1969_23_0"},{"isPositive":0,"id":"person_1886_23_0"},{"isPositive":0,"id":"person_1970_23_0"},{"isPositive":0,"id":"person_1887_23_0"},{"isPositive":0,"id":"person_1913_23_0"},{"isPositive":0,"id":"person_1961_23_0"},{"isPositive":0,"id":"person_1962_23_0"},{"isPositive":0,"id":"person_1963_23_0"},{"isPositive":0,"id":"person_1882_23_0"},{"isPositive":0,"id":"person_1960_23_0"},{"isPositive":0,"id":"person_1950_23_0"},{"isPositive":0,"id":"person_1951_23_0"},{"isPositive":0,"id":"person_1876_23_0"},{"isPositive":0,"id":"person_2312_23_0"},{"isPositive":0,"id":"person_2315_23_0"},{"isPositive":0,"id":"person_2316_23_0"},{"isPositive":0,"id":"person_2351_23_0"},{"isPositive":0,"id":"person_2350_23_0"},{"isPositive":0,"id":"person_2352_23_0"},{"isPositive":0,"id":"person_2353_23_0"},{"isPositive":0,"id":"person_2245_23_0"},{"isPositive":0,"id":"person_2349_23_0"},{"isPositive":0,"id":"person_2313_23_0"},{"isPositive":0,"id":"person_2314_23_0"},{"isPositive":0,"id":"person_2227_23_0"},{"isPositive":0,"id":"person_2586_23_0"},{"isPositive":0,"id":"person_2702_23_0"},{"isPositive":0,"id":"person_2593_23_0"},{"isPositive":0,"id":"person_2814_23_0"},{"isPositive":0,"id":"person_2731_23_0"},{"isPositive":0,"id":"person_2815_23_0"},{"isPositive":0,"id":"person_2732_23_0"},{"isPositive":0,"id":"person_2758_23_0"},{"isPositive":0,"id":"person_2806_23_0"},{"isPositive":0,"id":"person_2807_23_0"},{"isPositive":0,"id":"person_2808_23_0"},{"isPositive":0,"id":"person_2727_23_0"},{"isPositive":0,"id":"person_2805_23_0"},{"isPositive":0,"id":"person_2795_23_0"},{"isPositive":0,"id":"person_2796_23_0"},{"isPositive":0,"id":"person_2721_23_0"}]