[{"isPositive":0,"id":"person_95_23_0"},{"isPositive":1,"id":"person_19_23_0"},{"isPositive":0,"id":"person_94_23_0"},{"isPositive":0,"id":"person_99_23_0"},{"isPositive":0,"id":"person_100_23_0"},{"isPositive":1,"id":"person_22_23_0"},{"isPositive":0,"id":"person_432_23_0"},{"isPositive":0,"id":"person_433_23_0"},{"isPositive":0,"id":"person_357_23_0"},{"isPositive":0,"id":"person_380_23_0"},{"isPositive":0,"id":"person_487_23_0"},{"isPositive":0,"id":"person_576_23_0"},{"isPositive":0,"id":"person_584_23_0"},{"isPositive":0,"id":"person_578_23_0"},{"isPositive":0,"id":"person_513_23_0"},{"isPositive":0,"id":"person_515_23_0"},{"isPositive":0,"id":"person_577_23_0"},{"isPositive":0,"id":"person_691_23_0"},{"isPositive":0,"id":"person_685_23_0"},{"isPositive":0,"id":"person_769_23_0"},{"isPositive":0,"id":"person_694_23_0"},{"isPositive":0,"id":"person_717_23_0"},{"isPositive":0,"id":"person_833_23_0"},{"isPositive":0,"id":"person_834_23_0"},{"isPositive":0,"id":"person_835_23_0"},{"isPositive":0,"id":"person_836_23_0"},{"isPositive":0,"id":"person_837_23_0"},{"isPositive":0,"id":"person_725_23_0"},{"isPositive":0,"id":"person_824_23_0"},{"isPositive":0,"id":"person_1092_23_0"},{"isPositive":0,"id":"person_1093_23_0"},{"isPositive":0,"id":"person_1024_23_0"},{"isPositive":0,"id":"person_1094_23_0"},{"isPositive":0,"id":"person_1245_23_0"},{"isPositive":0,"id":"person_1246_23_0"},{"isPositive":0,"id":"person_1185_23_0"},{"isPositive":0,"id":"person_1244_23_0"},{"isPositive":0,"id":"person_1184_23_0"},{"isPositive":0,"id":"person_1225_23_0"},{"isPositive":0,"id":"person_1332_23_0"},{"isPositive":0,"id":"person_1421_23_0"},{"isPositive":0,"id":"person_1429_23_0"},{"isPositive":0,"id":"person_1423_23_0"},{"isPositive":0,"id":"person_1358_23_0"},{"isPositive":0,"id":"person_1360_23_0"},{"isPositive":0,"id":"person_1422_23_0"},{"isPositive":0,"id":"person_1606_23_0"},{"isPositive":0,"id":"person_1607_23_0"},{"isPositive":0,"id":"person_1571_23_0"},{"isPositive":0,"id":"person_1568_23_0"},{"isPositive":0,"id":"person_1573_23_0"},{"isPositive":0,"id":"person_1567_23_0"},{"isPositive":0,"id":"person_1671_23_0"},{"isPositive":0,"id":"person_1672_23_0"},{"isPositive":0,"id":"person_1683_23_0"},{"isPositive":0,"id":"person_1684_23_0"},{"isPositive":0,"id":"person_1574_23_0"},{"isPositive":0,"id":"person_1580_23_0"},{"isPositive":0,"id":"person_1689_23_0"},{"isPositive":0,"id":"person_1558_23_0"},{"isPositive":0,"id":"person_1557_23_0"},{"isPositive":0,"id":"person_1648_23_0"},{"isPositive":0,"id":"person_1555_23_0"},{"isPositive":0,"id":"person_1667_23_0"},{"isPositive":0,"id":"person_1668_23_0"},{"isPositive":0,"id":"person_1561_23_0"},{"isPositive":0,"id":"person_1565_23_0"},{"isPositive":0,"id":"person_1608_23_0"},{"isPositive":0,"id":"person_1534_23_0"},{"isPositive":0,"id":"person_2307_23_0"},{"isPositive":0,"id":"person_2224_23_0"},{"isPositive":0,"id":"person_2308_23_0"},{"isPositive":0,"id":"person_2225_23_0"},{"isPositive":0,"id":"person_2251_23_0"},{"isPositive":0,"id":"person_2299_23_0"},{"isPositive":0,"id":"person_2300_23_0"},{"isPositive":0,"id":"person_2301_23_0"},{"isPositive":0,"id":"person_2220_23_0"},{"isPositive":0,"id":"person_2298_23_0"},{"isPositive":0,"id":"person_2288_23_0"},{"isPositive":0,"id":"person_2289_23_0"},{"isPositive":0,"id":"person_2214_23_0"},{"isPositive":0,"id":"person_2560_23_0"},{"isPositive":0,"id":"person_2650_23_0"},{"isPositive":0,"id":"person_2653_23_0"},{"isPositive":0,"id":"person_2654_23_0"},{"isPositive":0,"id":"person_2689_23_0"},{"isPositive":0,"id":"person_2688_23_0"},{"isPositive":0,"id":"person_2690_23_0"},{"isPositive":0,"id":"person_2691_23_0"},{"isPositive":0,"id":"person_2583_23_0"},{"isPositive":0,"id":"person_2687_23_0"},{"isPositive":0,"id":"person_2651_23_0"},{"isPositive":0,"id":"person_2652_23_0"},{"isPositive":0,"id":"person_2565_23_0"}]