{"nodes":[{"isPositive":false,"id":"person_0_0_0"},{"isPositive":false,"id":"person_1_0_0"},{"isPositive":false,"id":"person_2_0_0"},{"isPositive":false,"id":"person_3_0_0"},{"isPositive":false,"id":"person_4_0_0"},{"isPositive":false,"id":"person_5_0_0"},{"isPositive":false,"id":"person_6_0_0"},{"isPositive":true,"id":"person_7_0_0"},{"isPositive":false,"id":"person_8_0_0"},{"isPositive":false,"id":"person_9_0_0"},{"isPositive":false,"id":"person_10_0_0"},{"isPositive":false,"id":"person_11_0_0"},{"isPositive":false,"id":"person_12_0_0"},{"isPositive":false,"id":"person_13_0_0"},{"isPositive":false,"id":"person_14_0_0"},{"isPositive":false,"id":"person_15_0_0"},{"isPositive":false,"id":"person_16_0_0"},{"isPositive":false,"id":"person_17_0_0"},{"isPositive":false,"id":"person_18_0_0"},{"isPositive":false,"id":"person_19_0_0"},{"isPositive":false,"id":"person_20_0_0"},{"isPositive":false,"id":"person_21_0_0"},{"isPositive":false,"id":"person_22_0_0"},{"isPositive":false,"id":"person_23_0_0"},{"isPositive":false,"id":"person_24_0_0"},{"isPositive":false,"id":"person_25_0_0"},{"isPositive":false,"id":"person_26_0_0"},{"isPositive":false,"id":"person_27_0_0"},{"isPositive":false,"id":"person_28_0_0"},{"isPositive":false,"id":"person_29_0_0"},{"isPositive":false,"id":"person_30_0_0"},{"isPositive":false,"id":"person_31_0_0"},{"isPositive":false,"id":"person_32_0_0"},{"isPositive":false,"id":"person_33_0_0"},{"isPositive":false,"id":"person_34_0_0"},{"isPositive":false,"id":"person_35_0_0"},{"isPositive":false,"id":"person_0_1_0"},{"isPositive":false,"id":"observe_0_1_0"},{"isPositive":true,"id":"risk_0_1_0"},{"isPositive":false,"id":"person_1_1_0"},{"isPositive":false,"id":"observe_1_1_0"},{"isPositive":true,"id":"risk_1_1_0"},{"isPositive":false,"id":"person_2_1_0"},{"isPositive":false,"id":"observe_2_1_0"},{"isPositive":true,"id":"risk_2_1_0"},{"isPositive":false,"id":"person_3_1_0"},{"isPositive":false,"id":"observe_3_1_0"},{"isPositive":true,"id":"risk_3_1_0"},{"isPositive":false,"id":"person_4_1_0"},{"isPositive":true,"id":"observe_4_1_0"},{"isPositive":true,"id":"risk_4_1_0"},{"isPositive":false,"id":"person_5_1_0"},{"isPositive":false,"id":"observe_5_1_0"},{"isPositive":true,"id":"risk_5_1_0"},{"isPositive":false,"id":"person_6_1_0"},{"isPositive":false,"id":"observe_6_1_0"},{"isPositive":true,"id":"risk_6_1_0"},{"isPositive":true,"id":"person_7_1_0"},{"isPositive":true,"id":"observe_7_1_0"},{"isPositive":true,"id":"risk_7_1_0"},{"isPositive":false,"id":"person_8_1_0"},{"isPositive":false,"id":"observe_8_1_0"},{"isPositive":true,"id":"risk_8_1_0"},{"isPositive":false,"id":"person_9_1_0"},{"isPositive":false,"id":"observe_9_1_0"},{"isPositive":true,"id":"risk_9_1_0"},{"isPositive":false,"id":"person_10_1_0"},{"isPositive":false,"id":"observe_10_1_0"},{"isPositive":true,"id":"risk_10_1_0"},{"isPositive":false,"id":"person_11_1_0"},{"isPositive":false,"id":"observe_11_1_0"},{"isPositive":true,"id":"risk_11_1_0"},{"isPositive":false,"id":"person_12_1_0"},{"isPositive":false,"id":"observe_12_1_0"},{"isPositive":true,"id":"risk_12_1_0"},{"isPositive":false,"id":"person_13_1_0"},{"isPositive":false,"id":"observe_13_1_0"},{"isPositive":true,"id":"risk_13_1_0"},{"isPositive":false,"id":"person_14_1_0"},{"isPositive":false,"id":"observe_14_1_0"},{"isPositive":true,"id":"risk_14_1_0"},{"isPositive":false,"id":"person_15_1_0"},{"isPositive":false,"id":"observe_15_1_0"},{"isPositive":true,"id":"risk_15_1_0"},{"isPositive":false,"id":"person_16_1_0"},{"isPositive":false,"id":"observe_16_1_0"},{"isPositive":true,"id":"risk_16_1_0"},{"isPositive":false,"id":"person_17_1_0"},{"isPositive":false,"id":"observe_17_1_0"},{"isPositive":true,"id":"risk_17_1_0"},{"isPositive":false,"id":"person_18_1_0"},{"isPositive":false,"id":"observe_18_1_0"},{"isPositive":true,"id":"risk_18_1_0"},{"isPositive":false,"id":"person_19_1_0"},{"isPositive":false,"id":"observe_19_1_0"},{"isPositive":true,"id":"risk_19_1_0"},{"isPositive":false,"id":"person_20_1_0"},{"isPositive":false,"id":"observe_20_1_0"},{"isPositive":true,"id":"risk_20_1_0"},{"isPositive":false,"id":"person_21_1_0"},{"isPositive":false,"id":"observe_21_1_0"},{"isPositive":true,"id":"risk_21_1_0"},{"isPositive":false,"id":"person_22_1_0"},{"isPositive":false,"id":"observe_22_1_0"},{"isPositive":true,"id":"risk_22_1_0"},{"isPositive":false,"id":"person_23_1_0"},{"isPositive":false,"id":"observe_23_1_0"},{"isPositive":true,"id":"risk_23_1_0"},{"isPositive":false,"id":"person_24_1_0"},{"isPositive":false,"id":"observe_24_1_0"},{"isPositive":true,"id":"risk_24_1_0"},{"isPositive":false,"id":"person_25_1_0"},{"isPositive":false,"id":"observe_25_1_0"},{"isPositive":true,"id":"risk_25_1_0"},{"isPositive":false,"id":"person_26_1_0"},{"isPositive":false,"id":"observe_26_1_0"},{"isPositive":true,"id":"risk_26_1_0"},{"isPositive":false,"id":"person_27_1_0"},{"isPositive":false,"id":"observe_27_1_0"},{"isPositive":true,"id":"risk_27_1_0"},{"isPositive":false,"id":"person_28_1_0"},{"isPositive":false,"id":"observe_28_1_0"},{"isPositive":true,"id":"risk_28_1_0"},{"isPositive":false,"id":"person_29_1_0"},{"isPositive":false,"id":"observe_29_1_0"},{"isPositive":true,"id":"risk_29_1_0"},{"isPositive":false,"id":"person_30_1_0"},{"isPositive":false,"id":"observe_30_1_0"},{"isPositive":true,"id":"risk_30_1_0"},{"isPositive":false,"id":"person_31_1_0"},{"isPositive":false,"id":"observe_31_1_0"},{"isPositive":true,"id":"risk_31_1_0"},{"isPositive":false,"id":"person_32_1_0"},{"isPositive":false,"id":"observe_32_1_0"},{"isPositive":true,"id":"risk_32_1_0"},{"isPositive":false,"id":"person_33_1_0"},{"isPositive":false,"id":"observe_33_1_0"},{"isPositive":true,"id":"risk_33_1_0"},{"isPositive":false,"id":"person_34_1_0"},{"isPositive":false,"id":"observe_34_1_0"},{"isPositive":true,"id":"risk_34_1_0"},{"isPositive":false,"id":"person_35_1_0"},{"isPositive":false,"id":"observe_35_1_0"},{"isPositive":true,"id":"risk_35_1_0"},{"isPositive":false,"id":"person_0_2_0"},{"isPositive":false,"id":"observe_0_2_0"},{"isPositive":true,"id":"risk_0_2_0"},{"isPositive":false,"id":"person_1_2_0"},{"isPositive":false,"id":"observe_1_2_0"},{"isPositive":true,"id":"risk_1_2_0"},{"isPositive":false,"id":"person_2_2_0"},{"isPositive":false,"id":"observe_2_2_0"},{"isPositive":true,"id":"risk_2_2_0"},{"isPositive":false,"id":"person_3_2_0"},{"isPositive":false,"id":"observe_3_2_0"},{"isPositive":true,"id":"risk_3_2_0"},{"isPositive":false,"id":"person_4_2_0"},{"isPositive":false,"id":"observe_4_2_0"},{"isPositive":true,"id":"risk_4_2_0"},{"isPositive":true,"id":"person_5_2_0"},{"isPositive":false,"id":"observe_5_2_0"},{"isPositive":true,"id":"risk_5_2_0"},{"isPositive":false,"id":"person_6_2_0"},{"isPositive":false,"id":"observe_6_2_0"},{"isPositive":true,"id":"risk_6_2_0"},{"isPositive":true,"id":"person_7_2_0"},{"isPositive":false,"id":"observe_7_2_0"},{"isPositive":true,"id":"risk_7_2_0"},{"isPositive":false,"id":"person_8_2_0"},{"isPositive":false,"id":"observe_8_2_0"},{"isPositive":true,"id":"risk_8_2_0"},{"isPositive":false,"id":"person_9_2_0"},{"isPositive":false,"id":"observe_9_2_0"},{"isPositive":true,"id":"risk_9_2_0"},{"isPositive":false,"id":"person_10_2_0"},{"isPositive":false,"id":"observe_10_2_0"},{"isPositive":true,"id":"risk_10_2_0"},{"isPositive":false,"id":"person_11_2_0"},{"isPositive":false,"id":"observe_11_2_0"},{"isPositive":true,"id":"risk_11_2_0"},{"isPositive":false,"id":"person_12_2_0"},{"isPositive":false,"id":"observe_12_2_0"},{"isPositive":true,"id":"risk_12_2_0"},{"isPositive":false,"id":"person_13_2_0"},{"isPositive":false,"id":"observe_13_2_0"},{"isPositive":true,"id":"risk_13_2_0"},{"isPositive":false,"id":"person_14_2_0"},{"isPositive":false,"id":"observe_14_2_0"},{"isPositive":true,"id":"risk_14_2_0"},{"isPositive":false,"id":"person_15_2_0"},{"isPositive":false,"id":"observe_15_2_0"},{"isPositive":true,"id":"risk_15_2_0"},{"isPositive":false,"id":"person_16_2_0"},{"isPositive":false,"id":"observe_16_2_0"},{"isPositive":true,"id":"risk_16_2_0"},{"isPositive":false,"id":"person_17_2_0"},{"isPositive":false,"id":"observe_17_2_0"},{"isPositive":true,"id":"risk_17_2_0"},{"isPositive":false,"id":"person_18_2_0"},{"isPositive":false,"id":"observe_18_2_0"},{"isPositive":true,"id":"risk_18_2_0"},{"isPositive":false,"id":"person_19_2_0"},{"isPositive":false,"id":"observe_19_2_0"},{"isPositive":true,"id":"risk_19_2_0"},{"isPositive":false,"id":"person_20_2_0"},{"isPositive":false,"id":"observe_20_2_0"},{"isPositive":true,"id":"risk_20_2_0"},{"isPositive":false,"id":"person_21_2_0"},{"isPositive":false,"id":"observe_21_2_0"},{"isPositive":true,"id":"risk_21_2_0"},{"isPositive":true,"id":"risk_21_2_1"},{"isPositive":false,"id":"person_22_2_0"},{"isPositive":false,"id":"observe_22_2_0"},{"isPositive":true,"id":"risk_22_2_0"},{"isPositive":false,"id":"person_23_2_0"},{"isPositive":false,"id":"observe_23_2_0"},{"isPositive":true,"id":"risk_23_2_0"},{"isPositive":false,"id":"person_24_2_0"},{"isPositive":false,"id":"observe_24_2_0"},{"isPositive":true,"id":"risk_24_2_0"},{"isPositive":false,"id":"person_25_2_0"},{"isPositive":false,"id":"observe_25_2_0"},{"isPositive":true,"id":"risk_25_2_0"},{"isPositive":false,"id":"person_26_2_0"},{"isPositive":false,"id":"observe_26_2_0"},{"isPositive":true,"id":"risk_26_2_0"},{"isPositive":false,"id":"person_27_2_0"},{"isPositive":false,"id":"observe_27_2_0"},{"isPositive":true,"id":"risk_27_2_0"},{"isPositive":false,"id":"person_28_2_0"},{"isPositive":false,"id":"observe_28_2_0"},{"isPositive":true,"id":"risk_28_2_0"},{"isPositive":false,"id":"person_29_2_0"},{"isPositive":false,"id":"observe_29_2_0"},{"isPositive":true,"id":"risk_29_2_0"},{"isPositive":false,"id":"person_30_2_0"},{"isPositive":false,"id":"observe_30_2_0"},{"isPositive":true,"id":"risk_30_2_0"},{"isPositive":false,"id":"person_31_2_0"},{"isPositive":false,"id":"observe_31_2_0"},{"isPositive":true,"id":"risk_31_2_0"},{"isPositive":false,"id":"person_32_2_0"},{"isPositive":false,"id":"observe_32_2_0"},{"isPositive":true,"id":"risk_32_2_0"},{"isPositive":false,"id":"person_33_2_0"},{"isPositive":false,"id":"observe_33_2_0"},{"isPositive":true,"id":"risk_33_2_0"},{"isPositive":false,"id":"person_34_2_0"},{"isPositive":false,"id":"observe_34_2_0"},{"isPositive":true,"id":"risk_34_2_0"},{"isPositive":false,"id":"person_35_2_0"},{"isPositive":false,"id":"observe_35_2_0"},{"isPositive":true,"id":"risk_35_2_0"},{"isPositive":true,"id":"risk_35_2_1"},{"isPositive":false,"id":"person_0_3_0"},{"isPositive":false,"id":"observe_0_3_0"},{"isPositive":true,"id":"risk_0_3_0"},{"isPositive":false,"id":"person_1_3_0"},{"isPositive":false,"id":"observe_1_3_0"},{"isPositive":true,"id":"risk_1_3_0"},{"isPositive":false,"id":"person_2_3_0"},{"isPositive":false,"id":"observe_2_3_0"},{"isPositive":true,"id":"risk_2_3_0"},{"isPositive":false,"id":"person_3_3_0"},{"isPositive":false,"id":"observe_3_3_0"},{"isPositive":true,"id":"risk_3_3_0"},{"isPositive":false,"id":"person_4_3_0"},{"isPositive":false,"id":"observe_4_3_0"},{"isPositive":true,"id":"risk_4_3_0"},{"isPositive":true,"id":"person_5_3_0"},{"isPositive":false,"id":"observe_5_3_0"},{"isPositive":true,"id":"risk_5_3_0"},{"isPositive":false,"id":"person_6_3_0"},{"isPositive":false,"id":"observe_6_3_0"},{"isPositive":true,"id":"risk_6_3_0"},{"isPositive":true,"id":"person_7_3_0"},{"isPositive":false,"id":"observe_7_3_0"},{"isPositive":true,"id":"risk_7_3_0"},{"isPositive":false,"id":"person_8_3_0"},{"isPositive":false,"id":"observe_8_3_0"},{"isPositive":true,"id":"risk_8_3_0"},{"isPositive":false,"id":"person_9_3_0"},{"isPositive":false,"id":"observe_9_3_0"},{"isPositive":true,"id":"risk_9_3_0"},{"isPositive":false,"id":"person_10_3_0"},{"isPositive":false,"id":"observe_10_3_0"},{"isPositive":true,"id":"risk_10_3_0"},{"isPositive":false,"id":"person_11_3_0"},{"isPositive":false,"id":"observe_11_3_0"},{"isPositive":true,"id":"risk_11_3_0"},{"isPositive":false,"id":"person_12_3_0"},{"isPositive":false,"id":"observe_12_3_0"},{"isPositive":true,"id":"risk_12_3_0"},{"isPositive":false,"id":"person_13_3_0"},{"isPositive":false,"id":"observe_13_3_0"},{"isPositive":true,"id":"risk_13_3_0"},{"isPositive":false,"id":"person_14_3_0"},{"isPositive":false,"id":"observe_14_3_0"},{"isPositive":true,"id":"risk_14_3_0"},{"isPositive":false,"id":"person_15_3_0"},{"isPositive":false,"id":"observe_15_3_0"},{"isPositive":true,"id":"risk_15_3_0"},{"isPositive":false,"id":"person_16_3_0"},{"isPositive":false,"id":"observe_16_3_0"},{"isPositive":true,"id":"risk_16_3_0"},{"isPositive":false,"id":"person_17_3_0"},{"isPositive":false,"id":"observe_17_3_0"},{"isPositive":true,"id":"risk_17_3_0"},{"isPositive":false,"id":"person_18_3_0"},{"isPositive":false,"id":"observe_18_3_0"},{"isPositive":true,"id":"risk_18_3_0"},{"isPositive":false,"id":"person_19_3_0"},{"isPositive":false,"id":"observe_19_3_0"},{"isPositive":true,"id":"risk_19_3_0"},{"isPositive":false,"id":"person_20_3_0"},{"isPositive":false,"id":"observe_20_3_0"},{"isPositive":true,"id":"risk_20_3_0"},{"isPositive":false,"id":"person_21_3_0"},{"isPositive":false,"id":"observe_21_3_0"},{"isPositive":true,"id":"risk_21_3_0"},{"isPositive":false,"id":"person_22_3_0"},{"isPositive":true,"id":"observe_22_3_0"},{"isPositive":true,"id":"risk_22_3_0"},{"isPositive":false,"id":"person_23_3_0"},{"isPositive":false,"id":"observe_23_3_0"},{"isPositive":true,"id":"risk_23_3_0"},{"isPositive":false,"id":"person_24_3_0"},{"isPositive":false,"id":"observe_24_3_0"},{"isPositive":true,"id":"risk_24_3_0"},{"isPositive":false,"id":"person_25_3_0"},{"isPositive":false,"id":"observe_25_3_0"},{"isPositive":true,"id":"risk_25_3_0"},{"isPositive":false,"id":"person_26_3_0"},{"isPositive":false,"id":"observe_26_3_0"},{"isPositive":true,"id":"risk_26_3_0"},{"isPositive":false,"id":"person_27_3_0"},{"isPositive":false,"id":"observe_27_3_0"},{"isPositive":true,"id":"risk_27_3_0"},{"isPositive":false,"id":"person_28_3_0"},{"isPositive":false,"id":"observe_28_3_0"},{"isPositive":true,"id":"risk_28_3_0"},{"isPositive":false,"id":"person_29_3_0"},{"isPositive":false,"id":"observe_29_3_0"},{"isPositive":true,"id":"risk_29_3_0"},{"isPositive":false,"id":"person_30_3_0"},{"isPositive":false,"id":"observe_30_3_0"},{"isPositive":true,"id":"risk_30_3_0"},{"isPositive":false,"id":"person_31_3_0"},{"isPositive":false,"id":"observe_31_3_0"},{"isPositive":true,"id":"risk_31_3_0"},{"isPositive":false,"id":"person_32_3_0"},{"isPositive":false,"id":"observe_32_3_0"},{"isPositive":true,"id":"risk_32_3_0"},{"isPositive":false,"id":"person_33_3_0"},{"isPositive":false,"id":"observe_33_3_0"},{"isPositive":true,"id":"risk_33_3_0"},{"isPositive":false,"id":"person_34_3_0"},{"isPositive":false,"id":"observe_34_3_0"},{"isPositive":true,"id":"risk_34_3_0"},{"isPositive":false,"id":"person_35_3_0"},{"isPositive":false,"id":"observe_35_3_0"},{"isPositive":true,"id":"risk_35_3_0"},{"isPositive":false,"id":"person_0_4_0"},{"isPositive":false,"id":"observe_0_4_0"},{"isPositive":true,"id":"risk_0_4_0"},{"isPositive":false,"id":"person_1_4_0"},{"isPositive":false,"id":"observe_1_4_0"},{"isPositive":true,"id":"risk_1_4_0"},{"isPositive":false,"id":"person_2_4_0"},{"isPositive":false,"id":"observe_2_4_0"},{"isPositive":true,"id":"risk_2_4_0"},{"isPositive":false,"id":"person_3_4_0"},{"isPositive":false,"id":"observe_3_4_0"},{"isPositive":true,"id":"risk_3_4_0"},{"isPositive":false,"id":"person_4_4_0"},{"isPositive":false,"id":"observe_4_4_0"},{"isPositive":true,"id":"risk_4_4_0"},{"isPositive":true,"id":"person_5_4_0"},{"isPositive":true,"id":"observe_5_4_0"},{"isPositive":true,"id":"risk_5_4_0"},{"isPositive":false,"id":"person_6_4_0"},{"isPositive":false,"id":"observe_6_4_0"},{"isPositive":true,"id":"risk_6_4_0"},{"isPositive":true,"id":"person_7_4_0"},{"isPositive":true,"id":"observe_7_4_0"},{"isPositive":true,"id":"risk_7_4_0"},{"isPositive":true,"id":"person_8_4_0"},{"isPositive":false,"id":"observe_8_4_0"},{"isPositive":true,"id":"risk_8_4_0"},{"isPositive":false,"id":"person_9_4_0"},{"isPositive":false,"id":"observe_9_4_0"},{"isPositive":true,"id":"risk_9_4_0"},{"isPositive":false,"id":"person_10_4_0"},{"isPositive":false,"id":"observe_10_4_0"},{"isPositive":true,"id":"risk_10_4_0"},{"isPositive":false,"id":"person_11_4_0"},{"isPositive":false,"id":"observe_11_4_0"},{"isPositive":true,"id":"risk_11_4_0"},{"isPositive":false,"id":"person_12_4_0"},{"isPositive":false,"id":"observe_12_4_0"},{"isPositive":true,"id":"risk_12_4_0"},{"isPositive":false,"id":"person_13_4_0"},{"isPositive":false,"id":"observe_13_4_0"},{"isPositive":true,"id":"risk_13_4_0"},{"isPositive":false,"id":"person_14_4_0"},{"isPositive":false,"id":"observe_14_4_0"},{"isPositive":true,"id":"risk_14_4_0"},{"isPositive":false,"id":"person_15_4_0"},{"isPositive":false,"id":"observe_15_4_0"},{"isPositive":true,"id":"risk_15_4_0"},{"isPositive":false,"id":"person_16_4_0"},{"isPositive":false,"id":"observe_16_4_0"},{"isPositive":true,"id":"risk_16_4_0"},{"isPositive":false,"id":"person_17_4_0"},{"isPositive":false,"id":"observe_17_4_0"},{"isPositive":true,"id":"risk_17_4_0"},{"isPositive":false,"id":"person_18_4_0"},{"isPositive":false,"id":"observe_18_4_0"},{"isPositive":true,"id":"risk_18_4_0"},{"isPositive":false,"id":"person_19_4_0"},{"isPositive":false,"id":"observe_19_4_0"},{"isPositive":true,"id":"risk_19_4_0"},{"isPositive":false,"id":"person_20_4_0"},{"isPositive":false,"id":"observe_20_4_0"},{"isPositive":true,"id":"risk_20_4_0"},{"isPositive":false,"id":"person_21_4_0"},{"isPositive":false,"id":"observe_21_4_0"},{"isPositive":true,"id":"risk_21_4_0"},{"isPositive":false,"id":"person_22_4_0"},{"isPositive":false,"id":"observe_22_4_0"},{"isPositive":true,"id":"risk_22_4_0"},{"isPositive":false,"id":"person_23_4_0"},{"isPositive":false,"id":"observe_23_4_0"},{"isPositive":true,"id":"risk_23_4_0"},{"isPositive":false,"id":"person_24_4_0"},{"isPositive":false,"id":"observe_24_4_0"},{"isPositive":true,"id":"risk_24_4_0"},{"isPositive":false,"id":"person_25_4_0"},{"isPositive":false,"id":"observe_25_4_0"},{"isPositive":true,"id":"risk_25_4_0"},{"isPositive":false,"id":"person_26_4_0"},{"isPositive":false,"id":"observe_26_4_0"},{"isPositive":true,"id":"risk_26_4_0"},{"isPositive":false,"id":"person_27_4_0"},{"isPositive":false,"id":"observe_27_4_0"},{"isPositive":true,"id":"risk_27_4_0"},{"isPositive":false,"id":"person_28_4_0"},{"isPositive":false,"id":"observe_28_4_0"},{"isPositive":true,"id":"risk_28_4_0"},{"isPositive":false,"id":"person_29_4_0"},{"isPositive":false,"id":"observe_29_4_0"},{"isPositive":true,"id":"risk_29_4_0"},{"isPositive":false,"id":"person_30_4_0"},{"isPositive":false,"id":"observe_30_4_0"},{"isPositive":true,"id":"risk_30_4_0"},{"isPositive":false,"id":"person_31_4_0"},{"isPositive":false,"id":"observe_31_4_0"},{"isPositive":true,"id":"risk_31_4_0"},{"isPositive":false,"id":"person_32_4_0"},{"isPositive":false,"id":"observe_32_4_0"},{"isPositive":true,"id":"risk_32_4_0"},{"isPositive":false,"id":"person_33_4_0"},{"isPositive":false,"id":"observe_33_4_0"},{"isPositive":true,"id":"risk_33_4_0"},{"isPositive":false,"id":"person_34_4_0"},{"isPositive":false,"id":"observe_34_4_0"},{"isPositive":true,"id":"risk_34_4_0"},{"isPositive":false,"id":"person_35_4_0"},{"isPositive":false,"id":"observe_35_4_0"},{"isPositive":true,"id":"risk_35_4_0"},{"isPositive":false,"id":"person_0_5_0"},{"isPositive":false,"id":"observe_0_5_0"},{"isPositive":true,"id":"risk_0_5_0"},{"isPositive":false,"id":"person_1_5_0"},{"isPositive":false,"id":"observe_1_5_0"},{"isPositive":true,"id":"risk_1_5_0"},{"isPositive":false,"id":"person_2_5_0"},{"isPositive":false,"id":"observe_2_5_0"},{"isPositive":true,"id":"risk_2_5_0"},{"isPositive":false,"id":"person_3_5_0"},{"isPositive":false,"id":"observe_3_5_0"},{"isPositive":true,"id":"risk_3_5_0"},{"isPositive":false,"id":"person_4_5_0"},{"isPositive":false,"id":"observe_4_5_0"},{"isPositive":true,"id":"risk_4_5_0"},{"isPositive":true,"id":"person_5_5_0"},{"isPositive":true,"id":"observe_5_5_0"},{"isPositive":true,"id":"risk_5_5_0"},{"isPositive":false,"id":"person_6_5_0"},{"isPositive":false,"id":"observe_6_5_0"},{"isPositive":true,"id":"risk_6_5_0"},{"isPositive":true,"id":"person_7_5_0"},{"isPositive":false,"id":"observe_7_5_0"},{"isPositive":true,"id":"risk_7_5_0"},{"isPositive":true,"id":"person_8_5_0"},{"isPositive":false,"id":"observe_8_5_0"},{"isPositive":true,"id":"risk_8_5_0"},{"isPositive":false,"id":"person_9_5_0"},{"isPositive":false,"id":"observe_9_5_0"},{"isPositive":true,"id":"risk_9_5_0"},{"isPositive":false,"id":"person_10_5_0"},{"isPositive":false,"id":"observe_10_5_0"},{"isPositive":true,"id":"risk_10_5_0"},{"isPositive":false,"id":"person_11_5_0"},{"isPositive":false,"id":"observe_11_5_0"},{"isPositive":true,"id":"risk_11_5_0"},{"isPositive":false,"id":"person_12_5_0"},{"isPositive":true,"id":"observe_12_5_0"},{"isPositive":true,"id":"risk_12_5_0"},{"isPositive":true,"id":"person_13_5_0"},{"isPositive":false,"id":"observe_13_5_0"},{"isPositive":true,"id":"risk_13_5_0"},{"isPositive":false,"id":"person_14_5_0"},{"isPositive":false,"id":"observe_14_5_0"},{"isPositive":true,"id":"risk_14_5_0"},{"isPositive":false,"id":"person_15_5_0"},{"isPositive":false,"id":"observe_15_5_0"},{"isPositive":true,"id":"risk_15_5_0"},{"isPositive":false,"id":"person_16_5_0"},{"isPositive":false,"id":"observe_16_5_0"},{"isPositive":true,"id":"risk_16_5_0"},{"isPositive":false,"id":"person_17_5_0"},{"isPositive":false,"id":"observe_17_5_0"},{"isPositive":true,"id":"risk_17_5_0"},{"isPositive":false,"id":"person_18_5_0"},{"isPositive":false,"id":"observe_18_5_0"},{"isPositive":true,"id":"risk_18_5_0"},{"isPositive":false,"id":"person_19_5_0"},{"isPositive":false,"id":"observe_19_5_0"},{"isPositive":true,"id":"risk_19_5_0"},{"isPositive":false,"id":"person_20_5_0"},{"isPositive":false,"id":"observe_20_5_0"},{"isPositive":true,"id":"risk_20_5_0"},{"isPositive":false,"id":"person_21_5_0"},{"isPositive":false,"id":"observe_21_5_0"},{"isPositive":true,"id":"risk_21_5_0"},{"isPositive":false,"id":"person_22_5_0"},{"isPositive":false,"id":"observe_22_5_0"},{"isPositive":true,"id":"risk_22_5_0"},{"isPositive":false,"id":"person_23_5_0"},{"isPositive":false,"id":"observe_23_5_0"},{"isPositive":true,"id":"risk_23_5_0"},{"isPositive":false,"id":"person_24_5_0"},{"isPositive":false,"id":"observe_24_5_0"},{"isPositive":true,"id":"risk_24_5_0"},{"isPositive":false,"id":"person_25_5_0"},{"isPositive":false,"id":"observe_25_5_0"},{"isPositive":true,"id":"risk_25_5_0"},{"isPositive":false,"id":"person_26_5_0"},{"isPositive":false,"id":"observe_26_5_0"},{"isPositive":true,"id":"risk_26_5_0"},{"isPositive":false,"id":"person_27_5_0"},{"isPositive":false,"id":"observe_27_5_0"},{"isPositive":true,"id":"risk_27_5_0"},{"isPositive":false,"id":"person_28_5_0"},{"isPositive":false,"id":"observe_28_5_0"},{"isPositive":true,"id":"risk_28_5_0"},{"isPositive":false,"id":"person_29_5_0"},{"isPositive":false,"id":"observe_29_5_0"},{"isPositive":true,"id":"risk_29_5_0"},{"isPositive":false,"id":"person_30_5_0"},{"isPositive":false,"id":"observe_30_5_0"},{"isPositive":true,"id":"risk_30_5_0"},{"isPositive":false,"id":"person_31_5_0"},{"isPositive":false,"id":"observe_31_5_0"},{"isPositive":true,"id":"risk_31_5_0"},{"isPositive":true,"id":"person_32_5_0"},{"isPositive":false,"id":"observe_32_5_0"},{"isPositive":true,"id":"risk_32_5_0"},{"isPositive":false,"id":"person_33_5_0"},{"isPositive":false,"id":"observe_33_5_0"},{"isPositive":true,"id":"risk_33_5_0"},{"isPositive":false,"id":"person_34_5_0"},{"isPositive":false,"id":"observe_34_5_0"},{"isPositive":true,"id":"risk_34_5_0"},{"isPositive":false,"id":"person_35_5_0"},{"isPositive":false,"id":"observe_35_5_0"},{"isPositive":true,"id":"risk_35_5_0"},{"isPositive":false,"id":"person_0_6_0"},{"isPositive":false,"id":"observe_0_6_0"},{"isPositive":true,"id":"risk_0_6_0"},{"isPositive":false,"id":"person_1_6_0"},{"isPositive":false,"id":"observe_1_6_0"},{"isPositive":true,"id":"risk_1_6_0"},{"isPositive":false,"id":"person_2_6_0"},{"isPositive":false,"id":"observe_2_6_0"},{"isPositive":true,"id":"risk_2_6_0"},{"isPositive":false,"id":"person_3_6_0"},{"isPositive":false,"id":"observe_3_6_0"},{"isPositive":true,"id":"risk_3_6_0"},{"isPositive":false,"id":"person_4_6_0"},{"isPositive":false,"id":"observe_4_6_0"},{"isPositive":true,"id":"risk_4_6_0"},{"isPositive":true,"id":"person_5_6_0"},{"isPositive":true,"id":"observe_5_6_0"},{"isPositive":true,"id":"risk_5_6_0"},{"isPositive":true,"id":"person_6_6_0"},{"isPositive":false,"id":"observe_6_6_0"},{"isPositive":true,"id":"risk_6_6_0"},{"isPositive":true,"id":"person_7_6_0"},{"isPositive":false,"id":"observe_7_6_0"},{"isPositive":true,"id":"risk_7_6_0"},{"isPositive":true,"id":"person_8_6_0"},{"isPositive":false,"id":"observe_8_6_0"},{"isPositive":true,"id":"risk_8_6_0"},{"isPositive":false,"id":"person_9_6_0"},{"isPositive":false,"id":"observe_9_6_0"},{"isPositive":true,"id":"risk_9_6_0"},{"isPositive":false,"id":"person_10_6_0"},{"isPositive":false,"id":"observe_10_6_0"},{"isPositive":true,"id":"risk_10_6_0"},{"isPositive":false,"id":"person_11_6_0"},{"isPositive":false,"id":"observe_11_6_0"},{"isPositive":true,"id":"risk_11_6_0"},{"isPositive":false,"id":"person_12_6_0"},{"isPositive":false,"id":"observe_12_6_0"},{"isPositive":true,"id":"risk_12_6_0"},{"isPositive":true,"id":"person_13_6_0"},{"isPositive":false,"id":"observe_13_6_0"},{"isPositive":true,"id":"risk_13_6_0"},{"isPositive":false,"id":"person_14_6_0"},{"isPositive":false,"id":"observe_14_6_0"},{"isPositive":true,"id":"risk_14_6_0"},{"isPositive":false,"id":"person_15_6_0"},{"isPositive":false,"id":"observe_15_6_0"},{"isPositive":true,"id":"risk_15_6_0"},{"isPositive":false,"id":"person_16_6_0"},{"isPositive":false,"id":"observe_16_6_0"},{"isPositive":true,"id":"risk_16_6_0"},{"isPositive":false,"id":"person_17_6_0"},{"isPositive":false,"id":"observe_17_6_0"},{"isPositive":true,"id":"risk_17_6_0"},{"isPositive":false,"id":"person_18_6_0"},{"isPositive":false,"id":"observe_18_6_0"},{"isPositive":true,"id":"risk_18_6_0"},{"isPositive":false,"id":"person_19_6_0"},{"isPositive":false,"id":"observe_19_6_0"},{"isPositive":true,"id":"risk_19_6_0"},{"isPositive":false,"id":"person_20_6_0"},{"isPositive":false,"id":"observe_20_6_0"},{"isPositive":true,"id":"risk_20_6_0"},{"isPositive":false,"id":"person_21_6_0"},{"isPositive":false,"id":"observe_21_6_0"},{"isPositive":true,"id":"risk_21_6_0"},{"isPositive":false,"id":"person_22_6_0"},{"isPositive":false,"id":"observe_22_6_0"},{"isPositive":true,"id":"risk_22_6_0"},{"isPositive":false,"id":"person_23_6_0"},{"isPositive":false,"id":"observe_23_6_0"},{"isPositive":true,"id":"risk_23_6_0"},{"isPositive":false,"id":"person_24_6_0"},{"isPositive":false,"id":"observe_24_6_0"},{"isPositive":true,"id":"risk_24_6_0"},{"isPositive":false,"id":"person_25_6_0"},{"isPositive":false,"id":"observe_25_6_0"},{"isPositive":true,"id":"risk_25_6_0"},{"isPositive":false,"id":"person_26_6_0"},{"isPositive":false,"id":"observe_26_6_0"},{"isPositive":true,"id":"risk_26_6_0"},{"isPositive":false,"id":"person_27_6_0"},{"isPositive":false,"id":"observe_27_6_0"},{"isPositive":true,"id":"risk_27_6_0"},{"isPositive":false,"id":"person_28_6_0"},{"isPositive":false,"id":"observe_28_6_0"},{"isPositive":true,"id":"risk_28_6_0"},{"isPositive":false,"id":"person_29_6_0"},{"isPositive":false,"id":"observe_29_6_0"},{"isPositive":true,"id":"risk_29_6_0"},{"isPositive":false,"id":"person_30_6_0"},{"isPositive":false,"id":"observe_30_6_0"},{"isPositive":true,"id":"risk_30_6_0"},{"isPositive":false,"id":"person_31_6_0"},{"isPositive":false,"id":"observe_31_6_0"},{"isPositive":true,"id":"risk_31_6_0"},{"isPositive":true,"id":"person_32_6_0"},{"isPositive":true,"id":"observe_32_6_0"},{"isPositive":true,"id":"risk_32_6_0"},{"isPositive":false,"id":"person_33_6_0"},{"isPositive":false,"id":"observe_33_6_0"},{"isPositive":true,"id":"risk_33_6_0"},{"isPositive":false,"id":"person_34_6_0"},{"isPositive":false,"id":"observe_34_6_0"},{"isPositive":true,"id":"risk_34_6_0"},{"isPositive":false,"id":"person_35_6_0"},{"isPositive":false,"id":"observe_35_6_0"},{"isPositive":true,"id":"risk_35_6_0"},{"isPositive":false,"id":"person_0_7_0"},{"isPositive":false,"id":"observe_0_7_0"},{"isPositive":true,"id":"risk_0_7_0"},{"isPositive":false,"id":"person_1_7_0"},{"isPositive":false,"id":"observe_1_7_0"},{"isPositive":true,"id":"risk_1_7_0"},{"isPositive":false,"id":"person_2_7_0"},{"isPositive":false,"id":"observe_2_7_0"},{"isPositive":true,"id":"risk_2_7_0"},{"isPositive":false,"id":"person_3_7_0"},{"isPositive":false,"id":"observe_3_7_0"},{"isPositive":true,"id":"risk_3_7_0"},{"isPositive":true,"id":"risk_3_7_1"},{"isPositive":false,"id":"person_4_7_0"},{"isPositive":false,"id":"observe_4_7_0"},{"isPositive":true,"id":"risk_4_7_0"},{"isPositive":true,"id":"risk_4_7_1"},{"isPositive":true,"id":"person_5_7_0"},{"isPositive":false,"id":"observe_5_7_0"},{"isPositive":true,"id":"risk_5_7_0"},{"isPositive":true,"id":"person_6_7_0"},{"isPositive":true,"id":"observe_6_7_0"},{"isPositive":true,"id":"risk_6_7_0"},{"isPositive":true,"id":"person_7_7_0"},{"isPositive":false,"id":"observe_7_7_0"},{"isPositive":true,"id":"risk_7_7_0"},{"isPositive":true,"id":"person_8_7_0"},{"isPositive":false,"id":"observe_8_7_0"},{"isPositive":true,"id":"risk_8_7_0"},{"isPositive":false,"id":"person_9_7_0"},{"isPositive":false,"id":"observe_9_7_0"},{"isPositive":true,"id":"risk_9_7_0"},{"isPositive":false,"id":"person_10_7_0"},{"isPositive":false,"id":"observe_10_7_0"},{"isPositive":true,"id":"risk_10_7_0"},{"isPositive":false,"id":"person_11_7_0"},{"isPositive":true,"id":"observe_11_7_0"},{"isPositive":true,"id":"risk_11_7_0"},{"isPositive":false,"id":"person_12_7_0"},{"isPositive":false,"id":"observe_12_7_0"},{"isPositive":true,"id":"risk_12_7_0"},{"isPositive":true,"id":"person_13_7_0"},{"isPositive":true,"id":"observe_13_7_0"},{"isPositive":true,"id":"risk_13_7_0"},{"isPositive":false,"id":"person_14_7_0"},{"isPositive":false,"id":"observe_14_7_0"},{"isPositive":true,"id":"risk_14_7_0"},{"isPositive":false,"id":"person_15_7_0"},{"isPositive":false,"id":"observe_15_7_0"},{"isPositive":true,"id":"risk_15_7_0"},{"isPositive":false,"id":"person_16_7_0"},{"isPositive":false,"id":"observe_16_7_0"},{"isPositive":true,"id":"risk_16_7_0"},{"isPositive":false,"id":"person_17_7_0"},{"isPositive":false,"id":"observe_17_7_0"},{"isPositive":true,"id":"risk_17_7_0"},{"isPositive":false,"id":"person_18_7_0"},{"isPositive":false,"id":"observe_18_7_0"},{"isPositive":true,"id":"risk_18_7_0"},{"isPositive":false,"id":"person_19_7_0"},{"isPositive":false,"id":"observe_19_7_0"},{"isPositive":true,"id":"risk_19_7_0"},{"isPositive":false,"id":"person_20_7_0"},{"isPositive":false,"id":"observe_20_7_0"},{"isPositive":true,"id":"risk_20_7_0"},{"isPositive":false,"id":"person_21_7_0"},{"isPositive":false,"id":"observe_21_7_0"},{"isPositive":true,"id":"risk_21_7_0"},{"isPositive":false,"id":"person_22_7_0"},{"isPositive":false,"id":"observe_22_7_0"},{"isPositive":true,"id":"risk_22_7_0"},{"isPositive":false,"id":"person_23_7_0"},{"isPositive":false,"id":"observe_23_7_0"},{"isPositive":true,"id":"risk_23_7_0"},{"isPositive":false,"id":"person_24_7_0"},{"isPositive":false,"id":"observe_24_7_0"},{"isPositive":true,"id":"risk_24_7_0"},{"isPositive":false,"id":"person_25_7_0"},{"isPositive":false,"id":"observe_25_7_0"},{"isPositive":true,"id":"risk_25_7_0"},{"isPositive":false,"id":"person_26_7_0"},{"isPositive":false,"id":"observe_26_7_0"},{"isPositive":true,"id":"risk_26_7_0"},{"isPositive":false,"id":"person_27_7_0"},{"isPositive":false,"id":"observe_27_7_0"},{"isPositive":true,"id":"risk_27_7_0"},{"isPositive":false,"id":"person_28_7_0"},{"isPositive":false,"id":"observe_28_7_0"},{"isPositive":true,"id":"risk_28_7_0"},{"isPositive":false,"id":"person_29_7_0"},{"isPositive":false,"id":"observe_29_7_0"},{"isPositive":true,"id":"risk_29_7_0"},{"isPositive":false,"id":"person_30_7_0"},{"isPositive":false,"id":"observe_30_7_0"},{"isPositive":true,"id":"risk_30_7_0"},{"isPositive":false,"id":"person_31_7_0"},{"isPositive":false,"id":"observe_31_7_0"},{"isPositive":true,"id":"risk_31_7_0"},{"isPositive":true,"id":"person_32_7_0"},{"isPositive":false,"id":"observe_32_7_0"},{"isPositive":true,"id":"risk_32_7_0"},{"isPositive":false,"id":"person_33_7_0"},{"isPositive":false,"id":"observe_33_7_0"},{"isPositive":true,"id":"risk_33_7_0"},{"isPositive":false,"id":"person_34_7_0"},{"isPositive":false,"id":"observe_34_7_0"},{"isPositive":true,"id":"risk_34_7_0"},{"isPositive":false,"id":"person_35_7_0"},{"isPositive":false,"id":"observe_35_7_0"},{"isPositive":true,"id":"risk_35_7_0"},{"isPositive":false,"id":"person_0_8_0"},{"isPositive":false,"id":"observe_0_8_0"},{"isPositive":true,"id":"risk_0_8_0"},{"isPositive":false,"id":"person_1_8_0"},{"isPositive":false,"id":"observe_1_8_0"},{"isPositive":true,"id":"risk_1_8_0"},{"isPositive":true,"id":"person_2_8_0"},{"isPositive":false,"id":"observe_2_8_0"},{"isPositive":true,"id":"risk_2_8_0"},{"isPositive":false,"id":"person_3_8_0"},{"isPositive":false,"id":"observe_3_8_0"},{"isPositive":true,"id":"risk_3_8_0"},{"isPositive":false,"id":"person_4_8_0"},{"isPositive":false,"id":"observe_4_8_0"},{"isPositive":true,"id":"risk_4_8_0"},{"isPositive":true,"id":"person_5_8_0"},{"isPositive":true,"id":"observe_5_8_0"},{"isPositive":true,"id":"risk_5_8_0"},{"isPositive":true,"id":"person_6_8_0"},{"isPositive":true,"id":"observe_6_8_0"},{"isPositive":true,"id":"risk_6_8_0"},{"isPositive":true,"id":"person_7_8_0"},{"isPositive":true,"id":"observe_7_8_0"},{"isPositive":true,"id":"risk_7_8_0"},{"isPositive":true,"id":"person_8_8_0"},{"isPositive":true,"id":"observe_8_8_0"},{"isPositive":true,"id":"risk_8_8_0"},{"isPositive":false,"id":"person_9_8_0"},{"isPositive":false,"id":"observe_9_8_0"},{"isPositive":true,"id":"risk_9_8_0"},{"isPositive":false,"id":"person_10_8_0"},{"isPositive":false,"id":"observe_10_8_0"},{"isPositive":true,"id":"risk_10_8_0"},{"isPositive":false,"id":"person_11_8_0"},{"isPositive":false,"id":"observe_11_8_0"},{"isPositive":true,"id":"risk_11_8_0"},{"isPositive":false,"id":"person_12_8_0"},{"isPositive":false,"id":"observe_12_8_0"},{"isPositive":true,"id":"risk_12_8_0"},{"isPositive":true,"id":"person_13_8_0"},{"isPositive":false,"id":"observe_13_8_0"},{"isPositive":true,"id":"risk_13_8_0"},{"isPositive":false,"id":"person_14_8_0"},{"isPositive":false,"id":"observe_14_8_0"},{"isPositive":true,"id":"risk_14_8_0"},{"isPositive":false,"id":"person_15_8_0"},{"isPositive":false,"id":"observe_15_8_0"},{"isPositive":true,"id":"risk_15_8_0"},{"isPositive":false,"id":"person_16_8_0"},{"isPositive":false,"id":"observe_16_8_0"},{"isPositive":true,"id":"risk_16_8_0"},{"isPositive":false,"id":"person_17_8_0"},{"isPositive":false,"id":"observe_17_8_0"},{"isPositive":true,"id":"risk_17_8_0"},{"isPositive":false,"id":"person_18_8_0"},{"isPositive":false,"id":"observe_18_8_0"},{"isPositive":true,"id":"risk_18_8_0"},{"isPositive":false,"id":"person_19_8_0"},{"isPositive":false,"id":"observe_19_8_0"},{"isPositive":true,"id":"risk_19_8_0"},{"isPositive":false,"id":"person_20_8_0"},{"isPositive":false,"id":"observe_20_8_0"},{"isPositive":true,"id":"risk_20_8_0"},{"isPositive":false,"id":"person_21_8_0"},{"isPositive":false,"id":"observe_21_8_0"},{"isPositive":true,"id":"risk_21_8_0"},{"isPositive":false,"id":"person_22_8_0"},{"isPositive":false,"id":"observe_22_8_0"},{"isPositive":true,"id":"risk_22_8_0"},{"isPositive":false,"id":"person_23_8_0"},{"isPositive":false,"id":"observe_23_8_0"},{"isPositive":true,"id":"risk_23_8_0"},{"isPositive":true,"id":"risk_23_8_1"},{"isPositive":false,"id":"person_24_8_0"},{"isPositive":false,"id":"observe_24_8_0"},{"isPositive":true,"id":"risk_24_8_0"},{"isPositive":true,"id":"person_25_8_0"},{"isPositive":false,"id":"observe_25_8_0"},{"isPositive":true,"id":"risk_25_8_0"},{"isPositive":false,"id":"person_26_8_0"},{"isPositive":false,"id":"observe_26_8_0"},{"isPositive":true,"id":"risk_26_8_0"},{"isPositive":false,"id":"person_27_8_0"},{"isPositive":false,"id":"observe_27_8_0"},{"isPositive":true,"id":"risk_27_8_0"},{"isPositive":false,"id":"person_28_8_0"},{"isPositive":false,"id":"observe_28_8_0"},{"isPositive":true,"id":"risk_28_8_0"},{"isPositive":false,"id":"person_29_8_0"},{"isPositive":false,"id":"observe_29_8_0"},{"isPositive":true,"id":"risk_29_8_0"},{"isPositive":false,"id":"person_30_8_0"},{"isPositive":false,"id":"observe_30_8_0"},{"isPositive":true,"id":"risk_30_8_0"},{"isPositive":false,"id":"person_31_8_0"},{"isPositive":false,"id":"observe_31_8_0"},{"isPositive":true,"id":"risk_31_8_0"},{"isPositive":true,"id":"person_32_8_0"},{"isPositive":false,"id":"observe_32_8_0"},{"isPositive":true,"id":"risk_32_8_0"},{"isPositive":true,"id":"person_33_8_0"},{"isPositive":false,"id":"observe_33_8_0"},{"isPositive":true,"id":"risk_33_8_0"},{"isPositive":false,"id":"person_34_8_0"},{"isPositive":false,"id":"observe_34_8_0"},{"isPositive":true,"id":"risk_34_8_0"},{"isPositive":false,"id":"person_35_8_0"},{"isPositive":false,"id":"observe_35_8_0"},{"isPositive":true,"id":"risk_35_8_0"},{"isPositive":false,"id":"person_0_9_0"},{"isPositive":false,"id":"observe_0_9_0"},{"isPositive":true,"id":"risk_0_9_0"},{"isPositive":false,"id":"person_1_9_0"},{"isPositive":false,"id":"observe_1_9_0"},{"isPositive":true,"id":"risk_1_9_0"},{"isPositive":true,"id":"person_2_9_0"},{"isPositive":false,"id":"observe_2_9_0"},{"isPositive":true,"id":"risk_2_9_0"},{"isPositive":false,"id":"person_3_9_0"},{"isPositive":false,"id":"observe_3_9_0"},{"isPositive":true,"id":"risk_3_9_0"},{"isPositive":false,"id":"person_4_9_0"},{"isPositive":false,"id":"observe_4_9_0"},{"isPositive":true,"id":"risk_4_9_0"},{"isPositive":true,"id":"person_5_9_0"},{"isPositive":true,"id":"observe_5_9_0"},{"isPositive":true,"id":"risk_5_9_0"},{"isPositive":true,"id":"person_6_9_0"},{"isPositive":true,"id":"observe_6_9_0"},{"isPositive":true,"id":"risk_6_9_0"},{"isPositive":true,"id":"person_7_9_0"},{"isPositive":false,"id":"observe_7_9_0"},{"isPositive":true,"id":"risk_7_9_0"},{"isPositive":true,"id":"person_8_9_0"},{"isPositive":true,"id":"observe_8_9_0"},{"isPositive":true,"id":"risk_8_9_0"},{"isPositive":false,"id":"person_9_9_0"},{"isPositive":false,"id":"observe_9_9_0"},{"isPositive":true,"id":"risk_9_9_0"},{"isPositive":false,"id":"person_10_9_0"},{"isPositive":false,"id":"observe_10_9_0"},{"isPositive":true,"id":"risk_10_9_0"},{"isPositive":false,"id":"person_11_9_0"},{"isPositive":false,"id":"observe_11_9_0"},{"isPositive":true,"id":"risk_11_9_0"},{"isPositive":false,"id":"person_12_9_0"},{"isPositive":false,"id":"observe_12_9_0"},{"isPositive":true,"id":"risk_12_9_0"},{"isPositive":true,"id":"person_13_9_0"},{"isPositive":false,"id":"observe_13_9_0"},{"isPositive":true,"id":"risk_13_9_0"},{"isPositive":false,"id":"person_14_9_0"},{"isPositive":false,"id":"observe_14_9_0"},{"isPositive":true,"id":"risk_14_9_0"},{"isPositive":false,"id":"person_15_9_0"},{"isPositive":false,"id":"observe_15_9_0"},{"isPositive":true,"id":"risk_15_9_0"},{"isPositive":false,"id":"person_16_9_0"},{"isPositive":false,"id":"observe_16_9_0"},{"isPositive":true,"id":"risk_16_9_0"},{"isPositive":false,"id":"person_17_9_0"},{"isPositive":false,"id":"observe_17_9_0"},{"isPositive":true,"id":"risk_17_9_0"},{"isPositive":false,"id":"person_18_9_0"},{"isPositive":false,"id":"observe_18_9_0"},{"isPositive":true,"id":"risk_18_9_0"},{"isPositive":false,"id":"person_19_9_0"},{"isPositive":false,"id":"observe_19_9_0"},{"isPositive":true,"id":"risk_19_9_0"},{"isPositive":false,"id":"person_20_9_0"},{"isPositive":false,"id":"observe_20_9_0"},{"isPositive":true,"id":"risk_20_9_0"},{"isPositive":false,"id":"person_21_9_0"},{"isPositive":false,"id":"observe_21_9_0"},{"isPositive":true,"id":"risk_21_9_0"},{"isPositive":false,"id":"person_22_9_0"},{"isPositive":false,"id":"observe_22_9_0"},{"isPositive":true,"id":"risk_22_9_0"},{"isPositive":false,"id":"person_23_9_0"},{"isPositive":false,"id":"observe_23_9_0"},{"isPositive":true,"id":"risk_23_9_0"},{"isPositive":false,"id":"person_24_9_0"},{"isPositive":false,"id":"observe_24_9_0"},{"isPositive":true,"id":"risk_24_9_0"},{"isPositive":true,"id":"person_25_9_0"},{"isPositive":false,"id":"observe_25_9_0"},{"isPositive":true,"id":"risk_25_9_0"},{"isPositive":false,"id":"person_26_9_0"},{"isPositive":false,"id":"observe_26_9_0"},{"isPositive":true,"id":"risk_26_9_0"},{"isPositive":false,"id":"person_27_9_0"},{"isPositive":false,"id":"observe_27_9_0"},{"isPositive":true,"id":"risk_27_9_0"},{"isPositive":false,"id":"person_28_9_0"},{"isPositive":false,"id":"observe_28_9_0"},{"isPositive":true,"id":"risk_28_9_0"},{"isPositive":false,"id":"person_29_9_0"},{"isPositive":false,"id":"observe_29_9_0"},{"isPositive":true,"id":"risk_29_9_0"},{"isPositive":false,"id":"person_30_9_0"},{"isPositive":false,"id":"observe_30_9_0"},{"isPositive":true,"id":"risk_30_9_0"},{"isPositive":true,"id":"person_31_9_0"},{"isPositive":false,"id":"observe_31_9_0"},{"isPositive":true,"id":"risk_31_9_0"},{"isPositive":true,"id":"person_32_9_0"},{"isPositive":false,"id":"observe_32_9_0"},{"isPositive":true,"id":"risk_32_9_0"},{"isPositive":true,"id":"person_33_9_0"},{"isPositive":false,"id":"observe_33_9_0"},{"isPositive":true,"id":"risk_33_9_0"},{"isPositive":false,"id":"person_34_9_0"},{"isPositive":false,"id":"observe_34_9_0"},{"isPositive":true,"id":"risk_34_9_0"},{"isPositive":false,"id":"person_35_9_0"},{"isPositive":false,"id":"observe_35_9_0"},{"isPositive":true,"id":"risk_35_9_0"},{"isPositive":false,"id":"person_0_10_0"},{"isPositive":false,"id":"observe_0_10_0"},{"isPositive":true,"id":"risk_0_10_0"},{"isPositive":false,"id":"person_1_10_0"},{"isPositive":false,"id":"observe_1_10_0"},{"isPositive":true,"id":"risk_1_10_0"},{"isPositive":true,"id":"person_2_10_0"},{"isPositive":true,"id":"observe_2_10_0"},{"isPositive":true,"id":"risk_2_10_0"},{"isPositive":false,"id":"person_3_10_0"},{"isPositive":false,"id":"observe_3_10_0"},{"isPositive":true,"id":"risk_3_10_0"},{"isPositive":false,"id":"person_4_10_0"},{"isPositive":false,"id":"observe_4_10_0"},{"isPositive":true,"id":"risk_4_10_0"},{"isPositive":true,"id":"person_5_10_0"},{"isPositive":false,"id":"observe_5_10_0"},{"isPositive":true,"id":"risk_5_10_0"},{"isPositive":true,"id":"risk_5_10_1"},{"isPositive":true,"id":"person_6_10_0"},{"isPositive":true,"id":"observe_6_10_0"},{"isPositive":true,"id":"risk_6_10_0"},{"isPositive":true,"id":"person_7_10_0"},{"isPositive":true,"id":"observe_7_10_0"},{"isPositive":true,"id":"risk_7_10_0"},{"isPositive":true,"id":"person_8_10_0"},{"isPositive":false,"id":"observe_8_10_0"},{"isPositive":true,"id":"risk_8_10_0"},{"isPositive":false,"id":"person_9_10_0"},{"isPositive":false,"id":"observe_9_10_0"},{"isPositive":true,"id":"risk_9_10_0"},{"isPositive":false,"id":"person_10_10_0"},{"isPositive":false,"id":"observe_10_10_0"},{"isPositive":true,"id":"risk_10_10_0"},{"isPositive":false,"id":"person_11_10_0"},{"isPositive":false,"id":"observe_11_10_0"},{"isPositive":true,"id":"risk_11_10_0"},{"isPositive":false,"id":"person_12_10_0"},{"isPositive":false,"id":"observe_12_10_0"},{"isPositive":true,"id":"risk_12_10_0"},{"isPositive":true,"id":"person_13_10_0"},{"isPositive":false,"id":"observe_13_10_0"},{"isPositive":true,"id":"risk_13_10_0"},{"isPositive":false,"id":"person_14_10_0"},{"isPositive":false,"id":"observe_14_10_0"},{"isPositive":true,"id":"risk_14_10_0"},{"isPositive":false,"id":"person_15_10_0"},{"isPositive":false,"id":"observe_15_10_0"},{"isPositive":true,"id":"risk_15_10_0"},{"isPositive":false,"id":"person_16_10_0"},{"isPositive":false,"id":"observe_16_10_0"},{"isPositive":true,"id":"risk_16_10_0"},{"isPositive":false,"id":"person_17_10_0"},{"isPositive":false,"id":"observe_17_10_0"},{"isPositive":true,"id":"risk_17_10_0"},{"isPositive":false,"id":"person_18_10_0"},{"isPositive":false,"id":"observe_18_10_0"},{"isPositive":true,"id":"risk_18_10_0"},{"isPositive":false,"id":"person_19_10_0"},{"isPositive":false,"id":"observe_19_10_0"},{"isPositive":true,"id":"risk_19_10_0"},{"isPositive":false,"id":"person_20_10_0"},{"isPositive":false,"id":"observe_20_10_0"},{"isPositive":true,"id":"risk_20_10_0"},{"isPositive":false,"id":"person_21_10_0"},{"isPositive":false,"id":"observe_21_10_0"},{"isPositive":true,"id":"risk_21_10_0"},{"isPositive":false,"id":"person_22_10_0"},{"isPositive":false,"id":"observe_22_10_0"},{"isPositive":true,"id":"risk_22_10_0"},{"isPositive":false,"id":"person_23_10_0"},{"isPositive":false,"id":"observe_23_10_0"},{"isPositive":true,"id":"risk_23_10_0"},{"isPositive":false,"id":"person_24_10_0"},{"isPositive":false,"id":"observe_24_10_0"},{"isPositive":true,"id":"risk_24_10_0"},{"isPositive":true,"id":"person_25_10_0"},{"isPositive":true,"id":"observe_25_10_0"},{"isPositive":true,"id":"risk_25_10_0"},{"isPositive":false,"id":"person_26_10_0"},{"isPositive":false,"id":"observe_26_10_0"},{"isPositive":true,"id":"risk_26_10_0"},{"isPositive":false,"id":"person_27_10_0"},{"isPositive":false,"id":"observe_27_10_0"},{"isPositive":true,"id":"risk_27_10_0"},{"isPositive":false,"id":"person_28_10_0"},{"isPositive":false,"id":"observe_28_10_0"},{"isPositive":true,"id":"risk_28_10_0"},{"isPositive":false,"id":"person_29_10_0"},{"isPositive":false,"id":"observe_29_10_0"},{"isPositive":true,"id":"risk_29_10_0"},{"isPositive":false,"id":"person_30_10_0"},{"isPositive":false,"id":"observe_30_10_0"},{"isPositive":true,"id":"risk_30_10_0"},{"isPositive":true,"id":"person_31_10_0"},{"isPositive":false,"id":"observe_31_10_0"},{"isPositive":true,"id":"risk_31_10_0"},{"isPositive":true,"id":"person_32_10_0"},{"isPositive":false,"id":"observe_32_10_0"},{"isPositive":true,"id":"risk_32_10_0"},{"isPositive":true,"id":"person_33_10_0"},{"isPositive":false,"id":"observe_33_10_0"},{"isPositive":true,"id":"risk_33_10_0"},{"isPositive":false,"id":"person_34_10_0"},{"isPositive":false,"id":"observe_34_10_0"},{"isPositive":true,"id":"risk_34_10_0"},{"isPositive":false,"id":"person_35_10_0"},{"isPositive":false,"id":"observe_35_10_0"},{"isPositive":true,"id":"risk_35_10_0"}],"edges":[{"parent":"person_0_7_0","child":"observe_0_7_0"},{"parent":"person_1_7_0","child":"observe_1_7_0"},{"parent":"person_2_7_0","child":"observe_2_7_0"},{"parent":"person_3_7_0","child":"observe_3_7_0"},{"parent":"person_4_7_0","child":"observe_4_7_0"},{"parent":"person_5_7_0","child":"observe_5_7_0"},{"parent":"person_6_7_0","child":"observe_6_7_0"},{"parent":"person_7_7_0","child":"observe_7_7_0"},{"parent":"person_8_7_0","child":"observe_8_7_0"},{"parent":"person_9_7_0","child":"observe_9_7_0"},{"parent":"person_10_7_0","child":"observe_10_7_0"},{"parent":"person_11_7_0","child":"observe_11_7_0"},{"parent":"person_12_7_0","child":"observe_12_7_0"},{"parent":"person_13_7_0","child":"observe_13_7_0"},{"parent":"person_14_7_0","child":"observe_14_7_0"},{"parent":"person_15_7_0","child":"observe_15_7_0"},{"parent":"person_16_7_0","child":"observe_16_7_0"},{"parent":"person_17_7_0","child":"observe_17_7_0"},{"parent":"person_18_7_0","child":"observe_18_7_0"},{"parent":"person_19_7_0","child":"observe_19_7_0"},{"parent":"person_20_7_0","child":"observe_20_7_0"},{"parent":"person_21_7_0","child":"observe_21_7_0"},{"parent":"person_22_7_0","child":"observe_22_7_0"},{"parent":"person_23_7_0","child":"observe_23_7_0"},{"parent":"person_24_7_0","child":"observe_24_7_0"},{"parent":"person_25_7_0","child":"observe_25_7_0"},{"parent":"person_26_7_0","child":"observe_26_7_0"},{"parent":"person_27_7_0","child":"observe_27_7_0"},{"parent":"person_28_7_0","child":"observe_28_7_0"},{"parent":"person_29_7_0","child":"observe_29_7_0"},{"parent":"person_30_7_0","child":"observe_30_7_0"},{"parent":"person_31_7_0","child":"observe_31_7_0"},{"parent":"person_32_7_0","child":"observe_32_7_0"},{"parent":"person_33_7_0","child":"observe_33_7_0"},{"parent":"person_34_7_0","child":"observe_34_7_0"},{"parent":"person_35_7_0","child":"observe_35_7_0"},{"parent":"person_0_7_0","child":"person_0_8_0"},{"parent":"person_29_7_0","child":"person_0_8_0"},{"parent":"risk_0_8_0","child":"person_0_8_0"},{"parent":"person_0_8_0","child":"observe_0_8_0"},{"parent":"person_1_7_0","child":"person_1_8_0"},{"parent":"person_31_7_0","child":"person_1_8_0"},{"parent":"risk_1_8_0","child":"person_1_8_0"},{"parent":"person_1_8_0","child":"observe_1_8_0"},{"parent":"person_2_7_0","child":"person_2_8_0"},{"parent":"person_32_7_0","child":"person_2_8_0"},{"parent":"risk_2_8_0","child":"person_2_8_0"},{"parent":"person_2_8_0","child":"observe_2_8_0"},{"parent":"person_3_7_0","child":"person_3_8_0"},{"parent":"person_33_7_0","child":"person_3_8_0"},{"parent":"risk_3_8_0","child":"person_3_8_0"},{"parent":"person_3_8_0","child":"observe_3_8_0"},{"parent":"person_4_7_0","child":"person_4_8_0"},{"parent":"person_10_7_0","child":"person_4_8_0"},{"parent":"person_3_7_0","child":"person_4_8_0"},{"parent":"person_16_7_0","child":"person_4_8_0"},{"parent":"risk_4_8_0","child":"person_4_8_0"},{"parent":"person_4_8_0","child":"observe_4_8_0"},{"parent":"person_5_7_0","child":"person_5_8_0"},{"parent":"person_11_7_0","child":"person_5_8_0"},{"parent":"risk_5_8_0","child":"person_5_8_0"},{"parent":"person_5_8_0","child":"observe_5_8_0"},{"parent":"person_6_7_0","child":"person_6_8_0"},{"parent":"risk_6_8_0","child":"person_6_8_0"},{"parent":"person_6_8_0","child":"observe_6_8_0"},{"parent":"person_7_7_0","child":"person_7_8_0"},{"parent":"person_6_7_0","child":"person_7_8_0"},{"parent":"risk_7_8_0","child":"person_7_8_0"},{"parent":"person_7_8_0","child":"observe_7_8_0"},{"parent":"person_8_7_0","child":"person_8_8_0"},{"parent":"person_2_7_0","child":"person_8_8_0"},{"parent":"risk_8_8_0","child":"person_8_8_0"},{"parent":"person_8_8_0","child":"observe_8_8_0"},{"parent":"person_9_7_0","child":"person_9_8_0"},{"parent":"person_3_7_0","child":"person_9_8_0"},{"parent":"person_2_7_0","child":"person_9_8_0"},{"parent":"risk_9_8_0","child":"person_9_8_0"},{"parent":"person_9_8_0","child":"observe_9_8_0"},{"parent":"person_10_7_0","child":"person_10_8_0"},{"parent":"risk_10_8_0","child":"person_10_8_0"},{"parent":"person_10_8_0","child":"observe_10_8_0"},{"parent":"person_11_7_0","child":"person_11_8_0"},{"parent":"person_12_7_0","child":"person_11_8_0"},{"parent":"risk_11_8_0","child":"person_11_8_0"},{"parent":"person_11_8_0","child":"observe_11_8_0"},{"parent":"person_12_7_0","child":"person_12_8_0"},{"parent":"person_10_7_0","child":"person_12_8_0"},{"parent":"risk_12_8_0","child":"person_12_8_0"},{"parent":"person_12_8_0","child":"observe_12_8_0"},{"parent":"person_13_7_0","child":"person_13_8_0"},{"parent":"person_14_7_0","child":"person_13_8_0"},{"parent":"risk_13_8_0","child":"person_13_8_0"},{"parent":"person_13_8_0","child":"observe_13_8_0"},{"parent":"person_14_7_0","child":"person_14_8_0"},{"parent":"risk_14_8_0","child":"person_14_8_0"},{"parent":"person_14_8_0","child":"observe_14_8_0"},{"parent":"person_15_7_0","child":"person_15_8_0"},{"parent":"risk_15_8_0","child":"person_15_8_0"},{"parent":"person_15_8_0","child":"observe_15_8_0"},{"parent":"person_16_7_0","child":"person_16_8_0"},{"parent":"person_17_7_0","child":"person_16_8_0"},{"parent":"person_10_7_0","child":"person_16_8_0"},{"parent":"person_22_7_0","child":"person_16_8_0"},{"parent":"risk_16_8_0","child":"person_16_8_0"},{"parent":"person_16_8_0","child":"observe_16_8_0"},{"parent":"person_17_7_0","child":"person_17_8_0"},{"parent":"person_18_7_0","child":"person_17_8_0"},{"parent":"risk_17_8_0","child":"person_17_8_0"},{"parent":"person_17_8_0","child":"observe_17_8_0"},{"parent":"person_18_7_0","child":"person_18_8_0"},{"parent":"risk_18_8_0","child":"person_18_8_0"},{"parent":"person_18_8_0","child":"observe_18_8_0"},{"parent":"person_19_7_0","child":"person_19_8_0"},{"parent":"risk_19_8_0","child":"person_19_8_0"},{"parent":"person_19_8_0","child":"observe_19_8_0"},{"parent":"person_20_7_0","child":"person_20_8_0"},{"parent":"risk_20_8_0","child":"person_20_8_0"},{"parent":"person_20_8_0","child":"observe_20_8_0"},{"parent":"person_21_7_0","child":"person_21_8_0"},{"parent":"risk_21_8_0","child":"person_21_8_0"},{"parent":"person_21_8_0","child":"observe_21_8_0"},{"parent":"person_22_7_0","child":"person_22_8_0"},{"parent":"risk_22_8_0","child":"person_22_8_0"},{"parent":"person_22_8_0","child":"observe_22_8_0"},{"parent":"person_23_7_0","child":"person_23_8_0"},{"parent":"person_24_7_0","child":"person_23_8_0"},{"parent":"risk_23_8_0","child":"person_23_8_0"},{"parent":"risk_23_8_1","child":"person_23_8_0"},{"parent":"person_23_8_0","child":"observe_23_8_0"},{"parent":"person_24_7_0","child":"person_24_8_0"},{"parent":"person_30_7_0","child":"person_24_8_0"},{"parent":"risk_24_8_0","child":"person_24_8_0"},{"parent":"person_24_8_0","child":"observe_24_8_0"},{"parent":"person_25_7_0","child":"person_25_8_0"},{"parent":"person_32_7_0","child":"person_25_8_0"},{"parent":"risk_25_8_0","child":"person_25_8_0"},{"parent":"person_25_8_0","child":"observe_25_8_0"},{"parent":"person_26_7_0","child":"person_26_8_0"},{"parent":"person_27_7_0","child":"person_26_8_0"},{"parent":"person_32_7_0","child":"person_26_8_0"},{"parent":"risk_26_8_0","child":"person_26_8_0"},{"parent":"person_26_8_0","child":"observe_26_8_0"},{"parent":"person_27_7_0","child":"person_27_8_0"},{"parent":"risk_27_8_0","child":"person_27_8_0"},{"parent":"person_27_8_0","child":"observe_27_8_0"},{"parent":"person_28_7_0","child":"person_28_8_0"},{"parent":"person_34_7_0","child":"person_28_8_0"},{"parent":"person_29_7_0","child":"person_28_8_0"},{"parent":"risk_28_8_0","child":"person_28_8_0"},{"parent":"person_28_8_0","child":"observe_28_8_0"},{"parent":"person_29_7_0","child":"person_29_8_0"},{"parent":"person_28_7_0","child":"person_29_8_0"},{"parent":"person_30_7_0","child":"person_29_8_0"},{"parent":"person_23_7_0","child":"person_29_8_0"},{"parent":"risk_29_8_0","child":"person_29_8_0"},{"parent":"person_29_8_0","child":"observe_29_8_0"},{"parent":"person_30_7_0","child":"person_30_8_0"},{"parent":"person_0_7_0","child":"person_30_8_0"},{"parent":"risk_30_8_0","child":"person_30_8_0"},{"parent":"person_30_8_0","child":"observe_30_8_0"},{"parent":"person_31_7_0","child":"person_31_8_0"},{"parent":"person_32_7_0","child":"person_31_8_0"},{"parent":"risk_31_8_0","child":"person_31_8_0"},{"parent":"person_31_8_0","child":"observe_31_8_0"},{"parent":"person_32_7_0","child":"person_32_8_0"},{"parent":"risk_32_8_0","child":"person_32_8_0"},{"parent":"person_32_8_0","child":"observe_32_8_0"},{"parent":"person_33_7_0","child":"person_33_8_0"},{"parent":"person_32_7_0","child":"person_33_8_0"},{"parent":"risk_33_8_0","child":"person_33_8_0"},{"parent":"person_33_8_0","child":"observe_33_8_0"},{"parent":"person_34_7_0","child":"person_34_8_0"},{"parent":"person_28_7_0","child":"person_34_8_0"},{"parent":"person_32_7_0","child":"person_34_8_0"},{"parent":"risk_34_8_0","child":"person_34_8_0"},{"parent":"person_34_8_0","child":"observe_34_8_0"},{"parent":"person_35_7_0","child":"person_35_8_0"},{"parent":"person_5_7_0","child":"person_35_8_0"},{"parent":"risk_35_8_0","child":"person_35_8_0"},{"parent":"person_35_8_0","child":"observe_35_8_0"},{"parent":"person_0_8_0","child":"person_0_9_0"},{"parent":"risk_0_9_0","child":"person_0_9_0"},{"parent":"person_0_9_0","child":"observe_0_9_0"},{"parent":"person_1_8_0","child":"person_1_9_0"},{"parent":"risk_1_9_0","child":"person_1_9_0"},{"parent":"person_1_9_0","child":"observe_1_9_0"},{"parent":"person_2_8_0","child":"person_2_9_0"},{"parent":"person_33_8_0","child":"person_2_9_0"},{"parent":"risk_2_9_0","child":"person_2_9_0"},{"parent":"person_2_9_0","child":"observe_2_9_0"},{"parent":"person_3_8_0","child":"person_3_9_0"},{"parent":"risk_3_9_0","child":"person_3_9_0"},{"parent":"person_3_9_0","child":"observe_3_9_0"},{"parent":"person_4_8_0","child":"person_4_9_0"},{"parent":"risk_4_9_0","child":"person_4_9_0"},{"parent":"person_4_9_0","child":"observe_4_9_0"},{"parent":"person_5_8_0","child":"person_5_9_0"},{"parent":"risk_5_9_0","child":"person_5_9_0"},{"parent":"person_5_9_0","child":"observe_5_9_0"},{"parent":"person_6_8_0","child":"person_6_9_0"},{"parent":"risk_6_9_0","child":"person_6_9_0"},{"parent":"person_6_9_0","child":"observe_6_9_0"},{"parent":"person_7_8_0","child":"person_7_9_0"},{"parent":"risk_7_9_0","child":"person_7_9_0"},{"parent":"person_7_9_0","child":"observe_7_9_0"},{"parent":"person_8_8_0","child":"person_8_9_0"},{"parent":"risk_8_9_0","child":"person_8_9_0"},{"parent":"person_8_9_0","child":"observe_8_9_0"},{"parent":"person_9_8_0","child":"person_9_9_0"},{"parent":"risk_9_9_0","child":"person_9_9_0"},{"parent":"person_9_9_0","child":"observe_9_9_0"},{"parent":"person_10_8_0","child":"person_10_9_0"},{"parent":"risk_10_9_0","child":"person_10_9_0"},{"parent":"person_10_9_0","child":"observe_10_9_0"},{"parent":"person_11_8_0","child":"person_11_9_0"},{"parent":"risk_11_9_0","child":"person_11_9_0"},{"parent":"person_11_9_0","child":"observe_11_9_0"},{"parent":"person_12_8_0","child":"person_12_9_0"},{"parent":"risk_12_9_0","child":"person_12_9_0"},{"parent":"person_12_9_0","child":"observe_12_9_0"},{"parent":"person_13_8_0","child":"person_13_9_0"},{"parent":"risk_13_9_0","child":"person_13_9_0"},{"parent":"person_13_9_0","child":"observe_13_9_0"},{"parent":"person_14_8_0","child":"person_14_9_0"},{"parent":"risk_14_9_0","child":"person_14_9_0"},{"parent":"person_14_9_0","child":"observe_14_9_0"},{"parent":"person_15_8_0","child":"person_15_9_0"},{"parent":"risk_15_9_0","child":"person_15_9_0"},{"parent":"person_15_9_0","child":"observe_15_9_0"},{"parent":"person_16_8_0","child":"person_16_9_0"},{"parent":"risk_16_9_0","child":"person_16_9_0"},{"parent":"person_16_9_0","child":"observe_16_9_0"},{"parent":"person_17_8_0","child":"person_17_9_0"},{"parent":"risk_17_9_0","child":"person_17_9_0"},{"parent":"person_17_9_0","child":"observe_17_9_0"},{"parent":"person_18_8_0","child":"person_18_9_0"},{"parent":"risk_18_9_0","child":"person_18_9_0"},{"parent":"person_18_9_0","child":"observe_18_9_0"},{"parent":"person_19_8_0","child":"person_19_9_0"},{"parent":"risk_19_9_0","child":"person_19_9_0"},{"parent":"person_19_9_0","child":"observe_19_9_0"},{"parent":"person_20_8_0","child":"person_20_9_0"},{"parent":"person_14_8_0","child":"person_20_9_0"},{"parent":"risk_20_9_0","child":"person_20_9_0"},{"parent":"person_20_9_0","child":"observe_20_9_0"},{"parent":"person_21_8_0","child":"person_21_9_0"},{"parent":"risk_21_9_0","child":"person_21_9_0"},{"parent":"person_21_9_0","child":"observe_21_9_0"},{"parent":"person_22_8_0","child":"person_22_9_0"},{"parent":"person_21_8_0","child":"person_22_9_0"},{"parent":"risk_22_9_0","child":"person_22_9_0"},{"parent":"person_22_9_0","child":"observe_22_9_0"},{"parent":"person_23_8_0","child":"person_23_9_0"},{"parent":"risk_23_9_0","child":"person_23_9_0"},{"parent":"person_23_9_0","child":"observe_23_9_0"},{"parent":"person_24_8_0","child":"person_24_9_0"},{"parent":"risk_24_9_0","child":"person_24_9_0"},{"parent":"person_24_9_0","child":"observe_24_9_0"},{"parent":"person_25_8_0","child":"person_25_9_0"},{"parent":"person_31_8_0","child":"person_25_9_0"},{"parent":"risk_25_9_0","child":"person_25_9_0"},{"parent":"person_25_9_0","child":"observe_25_9_0"},{"parent":"person_26_8_0","child":"person_26_9_0"},{"parent":"risk_26_9_0","child":"person_26_9_0"},{"parent":"person_26_9_0","child":"observe_26_9_0"},{"parent":"person_27_8_0","child":"person_27_9_0"},{"parent":"person_21_8_0","child":"person_27_9_0"},{"parent":"person_28_8_0","child":"person_27_9_0"},{"parent":"risk_27_9_0","child":"person_27_9_0"},{"parent":"person_27_9_0","child":"observe_27_9_0"},{"parent":"person_28_8_0","child":"person_28_9_0"},{"parent":"risk_28_9_0","child":"person_28_9_0"},{"parent":"person_28_9_0","child":"observe_28_9_0"},{"parent":"person_29_8_0","child":"person_29_9_0"},{"parent":"risk_29_9_0","child":"person_29_9_0"},{"parent":"person_29_9_0","child":"observe_29_9_0"},{"parent":"person_30_8_0","child":"person_30_9_0"},{"parent":"risk_30_9_0","child":"person_30_9_0"},{"parent":"person_30_9_0","child":"observe_30_9_0"},{"parent":"person_31_8_0","child":"person_31_9_0"},{"parent":"person_25_8_0","child":"person_31_9_0"},{"parent":"risk_31_9_0","child":"person_31_9_0"},{"parent":"person_31_9_0","child":"observe_31_9_0"},{"parent":"person_32_8_0","child":"person_32_9_0"},{"parent":"risk_32_9_0","child":"person_32_9_0"},{"parent":"person_32_9_0","child":"observe_32_9_0"},{"parent":"person_33_8_0","child":"person_33_9_0"},{"parent":"person_31_8_0","child":"person_33_9_0"},{"parent":"risk_33_9_0","child":"person_33_9_0"},{"parent":"person_33_9_0","child":"observe_33_9_0"},{"parent":"person_34_8_0","child":"person_34_9_0"},{"parent":"risk_34_9_0","child":"person_34_9_0"},{"parent":"person_34_9_0","child":"observe_34_9_0"},{"parent":"person_35_8_0","child":"person_35_9_0"},{"parent":"risk_35_9_0","child":"person_35_9_0"},{"parent":"person_35_9_0","child":"observe_35_9_0"},{"parent":"person_0_9_0","child":"person_0_10_0"},{"parent":"person_35_9_0","child":"person_0_10_0"},{"parent":"risk_0_10_0","child":"person_0_10_0"},{"parent":"person_0_10_0","child":"observe_0_10_0"},{"parent":"person_1_9_0","child":"person_1_10_0"},{"parent":"person_2_9_0","child":"person_1_10_0"},{"parent":"risk_1_10_0","child":"person_1_10_0"},{"parent":"person_1_10_0","child":"observe_1_10_0"},{"parent":"person_2_9_0","child":"person_2_10_0"},{"parent":"person_8_9_0","child":"person_2_10_0"},{"parent":"person_1_9_0","child":"person_2_10_0"},{"parent":"person_3_9_0","child":"person_2_10_0"},{"parent":"person_32_9_0","child":"person_2_10_0"},{"parent":"risk_2_10_0","child":"person_2_10_0"},{"parent":"person_2_10_0","child":"observe_2_10_0"},{"parent":"person_3_9_0","child":"person_3_10_0"},{"parent":"risk_3_10_0","child":"person_3_10_0"},{"parent":"person_3_10_0","child":"observe_3_10_0"},{"parent":"person_4_9_0","child":"person_4_10_0"},{"parent":"person_34_9_0","child":"person_4_10_0"},{"parent":"person_10_9_0","child":"person_4_10_0"},{"parent":"person_5_9_0","child":"person_4_10_0"},{"parent":"risk_4_10_0","child":"person_4_10_0"},{"parent":"person_4_10_0","child":"observe_4_10_0"},{"parent":"person_5_9_0","child":"person_5_10_0"},{"parent":"risk_5_10_0","child":"person_5_10_0"},{"parent":"risk_5_10_1","child":"person_5_10_0"},{"parent":"person_5_10_0","child":"observe_5_10_0"},{"parent":"person_6_9_0","child":"person_6_10_0"},{"parent":"person_0_9_0","child":"person_6_10_0"},{"parent":"person_7_9_0","child":"person_6_10_0"},{"parent":"person_5_9_0","child":"person_6_10_0"},{"parent":"risk_6_10_0","child":"person_6_10_0"},{"parent":"person_6_10_0","child":"observe_6_10_0"},{"parent":"person_7_9_0","child":"person_7_10_0"},{"parent":"person_8_9_0","child":"person_7_10_0"},{"parent":"person_1_9_0","child":"person_7_10_0"},{"parent":"person_13_9_0","child":"person_7_10_0"},{"parent":"risk_7_10_0","child":"person_7_10_0"},{"parent":"person_7_10_0","child":"observe_7_10_0"},{"parent":"person_8_9_0","child":"person_8_10_0"},{"parent":"person_1_9_0","child":"person_8_10_0"},{"parent":"person_9_9_0","child":"person_8_10_0"},{"parent":"risk_8_10_0","child":"person_8_10_0"},{"parent":"person_8_10_0","child":"observe_8_10_0"},{"parent":"person_9_9_0","child":"person_9_10_0"},{"parent":"risk_9_10_0","child":"person_9_10_0"},{"parent":"person_9_10_0","child":"observe_9_10_0"},{"parent":"person_10_9_0","child":"person_10_10_0"},{"parent":"person_11_9_0","child":"person_10_10_0"},{"parent":"risk_10_10_0","child":"person_10_10_0"},{"parent":"person_10_10_0","child":"observe_10_10_0"},{"parent":"person_11_9_0","child":"person_11_10_0"},{"parent":"person_5_9_0","child":"person_11_10_0"},{"parent":"person_17_9_0","child":"person_11_10_0"},{"parent":"risk_11_10_0","child":"person_11_10_0"},{"parent":"person_11_10_0","child":"observe_11_10_0"},{"parent":"person_12_9_0","child":"person_12_10_0"},{"parent":"person_13_9_0","child":"person_12_10_0"},{"parent":"person_24_9_0","child":"person_12_10_0"},{"parent":"risk_12_10_0","child":"person_12_10_0"},{"parent":"person_12_10_0","child":"observe_12_10_0"},{"parent":"person_13_9_0","child":"person_13_10_0"},{"parent":"person_19_9_0","child":"person_13_10_0"},{"parent":"person_7_9_0","child":"person_13_10_0"},{"parent":"risk_13_10_0","child":"person_13_10_0"},{"parent":"person_13_10_0","child":"observe_13_10_0"},{"parent":"person_14_9_0","child":"person_14_10_0"},{"parent":"person_20_9_0","child":"person_14_10_0"},{"parent":"person_12_9_0","child":"person_14_10_0"},{"parent":"risk_14_10_0","child":"person_14_10_0"},{"parent":"person_14_10_0","child":"observe_14_10_0"},{"parent":"person_15_9_0","child":"person_15_10_0"},{"parent":"person_16_9_0","child":"person_15_10_0"},{"parent":"person_9_9_0","child":"person_15_10_0"},{"parent":"risk_15_10_0","child":"person_15_10_0"},{"parent":"person_15_10_0","child":"observe_15_10_0"},{"parent":"person_16_9_0","child":"person_16_10_0"},{"parent":"person_17_9_0","child":"person_16_10_0"},{"parent":"person_21_9_0","child":"person_16_10_0"},{"parent":"person_15_9_0","child":"person_16_10_0"},{"parent":"risk_16_10_0","child":"person_16_10_0"},{"parent":"person_16_10_0","child":"observe_16_10_0"},{"parent":"person_17_9_0","child":"person_17_10_0"},{"parent":"person_12_9_0","child":"person_17_10_0"},{"parent":"person_18_9_0","child":"person_17_10_0"},{"parent":"risk_17_10_0","child":"person_17_10_0"},{"parent":"person_17_10_0","child":"observe_17_10_0"},{"parent":"person_18_9_0","child":"person_18_10_0"},{"parent":"person_17_9_0","child":"person_18_10_0"},{"parent":"risk_18_10_0","child":"person_18_10_0"},{"parent":"person_18_10_0","child":"observe_18_10_0"},{"parent":"person_19_9_0","child":"person_19_10_0"},{"parent":"person_25_9_0","child":"person_19_10_0"},{"parent":"risk_19_10_0","child":"person_19_10_0"},{"parent":"person_19_10_0","child":"observe_19_10_0"},{"parent":"person_20_9_0","child":"person_20_10_0"},{"parent":"person_21_9_0","child":"person_20_10_0"},{"parent":"risk_20_10_0","child":"person_20_10_0"},{"parent":"person_20_10_0","child":"observe_20_10_0"},{"parent":"person_21_9_0","child":"person_21_10_0"},{"parent":"person_22_9_0","child":"person_21_10_0"},{"parent":"person_14_9_0","child":"person_21_10_0"},{"parent":"person_27_9_0","child":"person_21_10_0"},{"parent":"risk_21_10_0","child":"person_21_10_0"},{"parent":"person_21_10_0","child":"observe_21_10_0"},{"parent":"person_22_9_0","child":"person_22_10_0"},{"parent":"person_24_9_0","child":"person_22_10_0"},{"parent":"risk_22_10_0","child":"person_22_10_0"},{"parent":"person_22_10_0","child":"observe_22_10_0"},{"parent":"person_23_9_0","child":"person_23_10_0"},{"parent":"person_17_9_0","child":"person_23_10_0"},{"parent":"person_28_9_0","child":"person_23_10_0"},{"parent":"person_24_9_0","child":"person_23_10_0"},{"parent":"person_22_9_0","child":"person_23_10_0"},{"parent":"risk_23_10_0","child":"person_23_10_0"},{"parent":"person_23_10_0","child":"observe_23_10_0"},{"parent":"person_24_9_0","child":"person_24_10_0"},{"parent":"person_23_9_0","child":"person_24_10_0"},{"parent":"person_30_9_0","child":"person_24_10_0"},{"parent":"risk_24_10_0","child":"person_24_10_0"},{"parent":"person_24_10_0","child":"observe_24_10_0"},{"parent":"person_25_9_0","child":"person_25_10_0"},{"parent":"person_31_9_0","child":"person_25_10_0"},{"parent":"person_19_9_0","child":"person_25_10_0"},{"parent":"risk_25_10_0","child":"person_25_10_0"},{"parent":"person_25_10_0","child":"observe_25_10_0"},{"parent":"person_26_9_0","child":"person_26_10_0"},{"parent":"person_32_9_0","child":"person_26_10_0"},{"parent":"risk_26_10_0","child":"person_26_10_0"},{"parent":"person_26_10_0","child":"observe_26_10_0"},{"parent":"person_27_9_0","child":"person_27_10_0"},{"parent":"risk_27_10_0","child":"person_27_10_0"},{"parent":"person_27_10_0","child":"observe_27_10_0"},{"parent":"person_28_9_0","child":"person_28_10_0"},{"parent":"person_22_9_0","child":"person_28_10_0"},{"parent":"risk_28_10_0","child":"person_28_10_0"},{"parent":"person_28_10_0","child":"observe_28_10_0"},{"parent":"person_29_9_0","child":"person_29_10_0"},{"parent":"person_28_9_0","child":"person_29_10_0"},{"parent":"person_30_9_0","child":"person_29_10_0"},{"parent":"risk_29_10_0","child":"person_29_10_0"},{"parent":"person_29_10_0","child":"observe_29_10_0"},{"parent":"person_30_9_0","child":"person_30_10_0"},{"parent":"person_29_9_0","child":"person_30_10_0"},{"parent":"person_0_9_0","child":"person_30_10_0"},{"parent":"person_24_9_0","child":"person_30_10_0"},{"parent":"person_31_9_0","child":"person_30_10_0"},{"parent":"risk_30_10_0","child":"person_30_10_0"},{"parent":"person_30_10_0","child":"observe_30_10_0"},{"parent":"person_31_9_0","child":"person_31_10_0"},{"parent":"person_25_9_0","child":"person_31_10_0"},{"parent":"person_30_9_0","child":"person_31_10_0"},{"parent":"person_13_9_0","child":"person_31_10_0"},{"parent":"risk_31_10_0","child":"person_31_10_0"},{"parent":"person_31_10_0","child":"observe_31_10_0"},{"parent":"person_32_9_0","child":"person_32_10_0"},{"parent":"person_3_9_0","child":"person_32_10_0"},{"parent":"person_2_9_0","child":"person_32_10_0"},{"parent":"risk_32_10_0","child":"person_32_10_0"},{"parent":"person_32_10_0","child":"observe_32_10_0"},{"parent":"person_33_9_0","child":"person_33_10_0"},{"parent":"person_3_9_0","child":"person_33_10_0"},{"parent":"person_27_9_0","child":"person_33_10_0"},{"parent":"risk_33_10_0","child":"person_33_10_0"},{"parent":"person_33_10_0","child":"observe_33_10_0"},{"parent":"person_34_9_0","child":"person_34_10_0"},{"parent":"person_35_9_0","child":"person_34_10_0"},{"parent":"person_4_9_0","child":"person_34_10_0"},{"parent":"person_0_9_0","child":"person_34_10_0"},{"parent":"risk_34_10_0","child":"person_34_10_0"},{"parent":"person_34_10_0","child":"observe_34_10_0"},{"parent":"person_35_9_0","child":"person_35_10_0"},{"parent":"person_4_9_0","child":"person_35_10_0"},{"parent":"person_34_9_0","child":"person_35_10_0"},{"parent":"person_0_9_0","child":"person_35_10_0"},{"parent":"person_5_9_0","child":"person_35_10_0"},{"parent":"risk_35_10_0","child":"person_35_10_0"},{"parent":"person_35_10_0","child":"observe_35_10_0"}]}