[{"isPositive":0,"id":"person_278_23_0"},{"isPositive":0,"id":"person_195_23_0"},{"isPositive":0,"id":"person_235_23_0"},{"isPositive":0,"id":"person_173_23_0"},{"isPositive":0,"id":"person_447_23_0"},{"isPositive":0,"id":"person_364_23_0"},{"isPositive":0,"id":"person_404_23_0"},{"isPositive":0,"id":"person_342_23_0"},{"isPositive":0,"id":"person_453_23_0"},{"isPositive":0,"id":"person_456_23_0"},{"isPositive":0,"id":"person_457_23_0"},{"isPositive":0,"id":"person_492_23_0"},{"isPositive":0,"id":"person_491_23_0"},{"isPositive":0,"id":"person_493_23_0"},{"isPositive":0,"id":"person_494_23_0"},{"isPositive":0,"id":"person_386_23_0"},{"isPositive":0,"id":"person_490_23_0"},{"isPositive":0,"id":"person_454_23_0"},{"isPositive":0,"id":"person_455_23_0"},{"isPositive":0,"id":"person_368_23_0"},{"isPositive":0,"id":"person_701_23_0"},{"isPositive":0,"id":"person_796_23_0"},{"isPositive":0,"id":"person_797_23_0"},{"isPositive":0,"id":"person_798_23_0"},{"isPositive":0,"id":"person_799_23_0"},{"isPositive":0,"id":"person_800_23_0"},{"isPositive":0,"id":"person_802_23_0"},{"isPositive":0,"id":"person_801_23_0"},{"isPositive":0,"id":"person_707_23_0"},{"isPositive":0,"id":"person_1025_23_0"},{"isPositive":0,"id":"person_1102_23_0"},{"isPositive":0,"id":"person_1103_23_0"},{"isPositive":0,"id":"person_1028_23_0"},{"isPositive":0,"id":"person_1183_23_0"},{"isPositive":0,"id":"person_1074_23_0"},{"isPositive":0,"id":"person_1252_23_0"},{"isPositive":0,"id":"person_1260_23_0"},{"isPositive":0,"id":"person_1254_23_0"},{"isPositive":0,"id":"person_1189_23_0"},{"isPositive":0,"id":"person_1191_23_0"},{"isPositive":0,"id":"person_1253_23_0"},{"isPositive":0,"id":"person_1442_23_0"},{"isPositive":0,"id":"person_1368_23_0"},{"isPositive":0,"id":"person_1409_23_0"},{"isPositive":0,"id":"person_1384_23_0"},{"isPositive":0,"id":"person_1485_23_0"},{"isPositive":0,"id":"person_1482_23_0"},{"isPositive":0,"id":"person_1390_23_0"},{"isPositive":0,"id":"person_1483_23_0"},{"isPositive":0,"id":"person_1484_23_0"},{"isPositive":0,"id":"person_1457_23_0"},{"isPositive":0,"id":"person_1458_23_0"},{"isPositive":0,"id":"person_1459_23_0"},{"isPositive":0,"id":"person_1460_23_0"},{"isPositive":0,"id":"person_1376_23_0"},{"isPositive":0,"id":"person_1857_23_0"},{"isPositive":0,"id":"person_1748_23_0"},{"isPositive":0,"id":"person_1926_23_0"},{"isPositive":0,"id":"person_1927_23_0"},{"isPositive":0,"id":"person_1864_23_0"},{"isPositive":0,"id":"person_1979_23_0"},{"isPositive":0,"id":"person_1980_23_0"},{"isPositive":0,"id":"person_1981_23_0"},{"isPositive":0,"id":"person_1982_23_0"},{"isPositive":0,"id":"person_1983_23_0"},{"isPositive":0,"id":"person_1985_23_0"},{"isPositive":0,"id":"person_1984_23_0"},{"isPositive":0,"id":"person_1890_23_0"},{"isPositive":0,"id":"person_2212_23_0"},{"isPositive":0,"id":"person_2206_23_0"},{"isPositive":0,"id":"person_2291_23_0"},{"isPositive":0,"id":"person_2292_23_0"},{"isPositive":0,"id":"person_2216_23_0"},{"isPositive":0,"id":"person_2475_23_0"},{"isPositive":0,"id":"person_2392_23_0"},{"isPositive":0,"id":"person_2432_23_0"},{"isPositive":0,"id":"person_2370_23_0"},{"isPositive":0,"id":"person_2486_23_0"},{"isPositive":0,"id":"person_2487_23_0"},{"isPositive":0,"id":"person_2488_23_0"},{"isPositive":0,"id":"person_2489_23_0"},{"isPositive":0,"id":"person_2490_23_0"},{"isPositive":0,"id":"person_2492_23_0"},{"isPositive":0,"id":"person_2491_23_0"},{"isPositive":0,"id":"person_2397_23_0"},{"isPositive":0,"id":"person_2715_23_0"},{"isPositive":0,"id":"person_2792_23_0"},{"isPositive":0,"id":"person_2793_23_0"},{"isPositive":0,"id":"person_2718_23_0"},{"isPositive":0,"id":"person_2746_23_0"},{"isPositive":0,"id":"person_2853_23_0"},{"isPositive":0,"id":"person_2888_23_0"},{"isPositive":0,"id":"person_2882_23_0"},{"isPositive":0,"id":"person_3001_23_0"},{"isPositive":0,"id":"person_3002_23_0"},{"isPositive":0,"id":"person_2908_23_0"},{"isPositive":0,"id":"person_2918_23_0"},{"isPositive":0,"id":"person_2985_23_0"},{"isPositive":0,"id":"person_2986_23_0"},{"isPositive":0,"id":"person_2987_23_0"},{"isPositive":0,"id":"person_2902_23_0"},{"isPositive":0,"id":"person_2969_23_0"},{"isPositive":0,"id":"person_2970_23_0"},{"isPositive":0,"id":"person_2893_23_0"}]