[{"isPositive":0,"id":"person_98_23_0"},{"isPositive":1,"id":"person_21_23_0"},{"isPositive":0,"id":"person_226_23_0"},{"isPositive":0,"id":"person_201_23_0"},{"isPositive":0,"id":"person_302_23_0"},{"isPositive":0,"id":"person_299_23_0"},{"isPositive":0,"id":"person_207_23_0"},{"isPositive":0,"id":"person_300_23_0"},{"isPositive":0,"id":"person_301_23_0"},{"isPositive":0,"id":"person_274_23_0"},{"isPositive":0,"id":"person_275_23_0"},{"isPositive":0,"id":"person_276_23_0"},{"isPositive":0,"id":"person_277_23_0"},{"isPositive":0,"id":"person_193_23_0"},{"isPositive":0,"id":"person_606_23_0"},{"isPositive":0,"id":"person_607_23_0"},{"isPositive":0,"id":"person_529_23_0"},{"isPositive":0,"id":"person_758_23_0"},{"isPositive":0,"id":"person_688_23_0"},{"isPositive":0,"id":"person_760_23_0"},{"isPositive":0,"id":"person_840_23_0"},{"isPositive":0,"id":"person_841_23_0"},{"isPositive":0,"id":"person_810_23_0"},{"isPositive":0,"id":"person_811_23_0"},{"isPositive":0,"id":"person_813_23_0"},{"isPositive":0,"id":"person_814_23_0"},{"isPositive":0,"id":"person_812_23_0"},{"isPositive":0,"id":"person_815_23_0"},{"isPositive":0,"id":"person_816_23_0"},{"isPositive":0,"id":"person_817_23_0"},{"isPositive":0,"id":"person_818_23_0"},{"isPositive":0,"id":"person_819_23_0"},{"isPositive":0,"id":"person_820_23_0"},{"isPositive":0,"id":"person_821_23_0"},{"isPositive":0,"id":"person_715_23_0"},{"isPositive":0,"id":"person_731_23_0"},{"isPositive":0,"id":"person_757_23_0"},{"isPositive":0,"id":"person_759_23_0"},{"isPositive":0,"id":"person_748_23_0"},{"isPositive":0,"id":"person_749_23_0"},{"isPositive":0,"id":"person_719_23_0"},{"isPositive":0,"id":"person_752_23_0"},{"isPositive":0,"id":"person_750_23_0"},{"isPositive":0,"id":"person_751_23_0"},{"isPositive":0,"id":"person_683_23_0"},{"isPositive":0,"id":"person_1590_23_0"},{"isPositive":0,"id":"person_1598_23_0"},{"isPositive":0,"id":"person_1592_23_0"},{"isPositive":0,"id":"person_1527_23_0"},{"isPositive":0,"id":"person_1529_23_0"},{"isPositive":0,"id":"person_1591_23_0"},{"isPositive":0,"id":"person_1772_23_0"},{"isPositive":0,"id":"person_1702_23_0"},{"isPositive":0,"id":"person_1774_23_0"},{"isPositive":0,"id":"person_1854_23_0"},{"isPositive":0,"id":"person_1855_23_0"},{"isPositive":0,"id":"person_1824_23_0"},{"isPositive":0,"id":"person_1825_23_0"},{"isPositive":0,"id":"person_1827_23_0"},{"isPositive":0,"id":"person_1828_23_0"},{"isPositive":0,"id":"person_1826_23_0"},{"isPositive":0,"id":"person_1829_23_0"},{"isPositive":0,"id":"person_1830_23_0"},{"isPositive":0,"id":"person_1831_23_0"},{"isPositive":0,"id":"person_1832_23_0"},{"isPositive":0,"id":"person_1833_23_0"},{"isPositive":0,"id":"person_1834_23_0"},{"isPositive":0,"id":"person_1835_23_0"},{"isPositive":0,"id":"person_1729_23_0"},{"isPositive":0,"id":"person_1745_23_0"},{"isPositive":0,"id":"person_1771_23_0"},{"isPositive":0,"id":"person_1773_23_0"},{"isPositive":0,"id":"person_1762_23_0"},{"isPositive":0,"id":"person_1763_23_0"},{"isPositive":0,"id":"person_1733_23_0"},{"isPositive":0,"id":"person_1766_23_0"},{"isPositive":0,"id":"person_1764_23_0"},{"isPositive":0,"id":"person_1765_23_0"},{"isPositive":0,"id":"person_1697_23_0"},{"isPositive":0,"id":"person_2604_23_0"},{"isPositive":0,"id":"person_2612_23_0"},{"isPositive":0,"id":"person_2606_23_0"},{"isPositive":0,"id":"person_2541_23_0"},{"isPositive":0,"id":"person_2543_23_0"},{"isPositive":0,"id":"person_2605_23_0"},{"isPositive":0,"id":"person_2719_23_0"},{"isPositive":0,"id":"person_2713_23_0"},{"isPositive":0,"id":"person_2798_23_0"},{"isPositive":0,"id":"person_2799_23_0"},{"isPositive":0,"id":"person_2723_23_0"},{"isPositive":0,"id":"person_2982_23_0"},{"isPositive":0,"id":"person_2899_23_0"},{"isPositive":0,"id":"person_2939_23_0"},{"isPositive":0,"id":"person_2877_23_0"},{"isPositive":0,"id":"person_2906_23_0"},{"isPositive":0,"id":"person_2915_23_0"},{"isPositive":0,"id":"person_3022_23_0"}]