[{"isPPositive":1,"id":"person_0_10_0"},{"isPPositive":0,"id":"person_1_10_0"},{"isPPositive":0,"id":"person_2_10_0"},{"isPPositive":1,"id":"person_3_10_0"},{"isPPositive":1,"id":"person_4_10_0"},{"isPPositive":1,"id":"person_5_10_0"},{"isPPositive":0,"id":"person_6_10_0"},{"isPPositive":0,"id":"person_7_10_0"},{"isPPositive":0,"id":"person_8_10_0"},{"isPPositive":0,"id":"person_9_10_0"},{"isPPositive":0,"id":"person_10_10_0"},{"isPPositive":0,"id":"person_11_10_0"},{"isPPositive":0,"id":"person_12_10_0"},{"isPPositive":0,"id":"person_13_10_0"},{"isPPositive":0,"id":"person_14_10_0"},{"isPPositive":0,"id":"person_15_10_0"}]