[{"isPositive":0,"id":"person_0_10_0"},{"isPositive":0,"id":"person_1_10_0"},{"isPositive":0,"id":"person_2_10_0"},{"isPositive":0,"id":"person_3_10_0"},{"isPositive":0,"id":"person_4_10_0"},{"isPositive":0,"id":"person_5_10_0"},{"isPositive":0,"id":"person_6_10_0"},{"isPositive":0,"id":"person_7_10_0"},{"isPositive":1,"id":"person_8_10_0"},{"isPositive":0,"id":"person_9_10_0"},{"isPositive":1,"id":"person_10_10_0"},{"isPositive":1,"id":"person_11_10_0"},{"isPositive":1,"id":"person_12_10_0"},{"isPositive":0,"id":"person_13_10_0"},{"isPositive":0,"id":"person_14_10_0"},{"isPositive":0,"id":"person_15_10_0"},{"isPositive":1,"id":"person_16_10_0"},{"isPositive":1,"id":"person_17_10_0"},{"isPositive":0,"id":"person_18_10_0"},{"isPositive":0,"id":"person_19_10_0"},{"isPositive":0,"id":"person_20_10_0"},{"isPositive":0,"id":"person_21_10_0"},{"isPositive":1,"id":"person_22_10_0"},{"isPositive":1,"id":"person_23_10_0"},{"isPositive":0,"id":"person_24_10_0"},{"isPositive":0,"id":"person_25_10_0"},{"isPositive":0,"id":"person_26_10_0"},{"isPositive":0,"id":"person_27_10_0"},{"isPositive":0,"id":"person_28_10_0"},{"isPositive":0,"id":"person_29_10_0"},{"isPositive":0,"id":"person_30_10_0"},{"isPositive":0,"id":"person_31_10_0"},{"isPositive":0,"id":"person_32_10_0"},{"isPositive":0,"id":"person_33_10_0"},{"isPositive":1,"id":"person_34_10_0"},{"isPositive":1,"id":"person_35_10_0"}]