[{"isPositive":0,"id":"person_93_23_0"},{"isPositive":1,"id":"person_18_23_0"},{"isPositive":0,"id":"person_297_23_0"},{"isPositive":0,"id":"person_298_23_0"},{"isPositive":0,"id":"person_204_23_0"},{"isPositive":0,"id":"person_214_23_0"},{"isPositive":0,"id":"person_281_23_0"},{"isPositive":0,"id":"person_282_23_0"},{"isPositive":0,"id":"person_283_23_0"},{"isPositive":0,"id":"person_198_23_0"},{"isPositive":0,"id":"person_265_23_0"},{"isPositive":0,"id":"person_266_23_0"},{"isPositive":0,"id":"person_189_23_0"},{"isPositive":0,"id":"person_600_23_0"},{"isPositive":0,"id":"person_525_23_0"},{"isPositive":0,"id":"person_532_23_0"},{"isPositive":0,"id":"person_676_23_0"},{"isPositive":0,"id":"person_567_23_0"},{"isPositive":0,"id":"person_687_23_0"},{"isPositive":0,"id":"person_786_23_0"},{"isPositive":0,"id":"person_703_23_0"},{"isPositive":0,"id":"person_787_23_0"},{"isPositive":0,"id":"person_704_23_0"},{"isPositive":0,"id":"person_730_23_0"},{"isPositive":0,"id":"person_778_23_0"},{"isPositive":0,"id":"person_779_23_0"},{"isPositive":0,"id":"person_780_23_0"},{"isPositive":0,"id":"person_699_23_0"},{"isPositive":0,"id":"person_777_23_0"},{"isPositive":0,"id":"person_767_23_0"},{"isPositive":0,"id":"person_768_23_0"},{"isPositive":0,"id":"person_693_23_0"},{"isPositive":0,"id":"person_1055_23_0"},{"isPositive":0,"id":"person_1171_23_0"},{"isPositive":0,"id":"person_1172_23_0"},{"isPositive":0,"id":"person_1173_23_0"},{"isPositive":0,"id":"person_1174_23_0"},{"isPositive":0,"id":"person_1175_23_0"},{"isPositive":0,"id":"person_1063_23_0"},{"isPositive":0,"id":"person_1162_23_0"},{"isPositive":0,"id":"person_1367_23_0"},{"isPositive":0,"id":"person_1361_23_0"},{"isPositive":0,"id":"person_1446_23_0"},{"isPositive":0,"id":"person_1447_23_0"},{"isPositive":0,"id":"person_1371_23_0"},{"isPositive":0,"id":"person_1588_23_0"},{"isPositive":0,"id":"person_1589_23_0"},{"isPositive":0,"id":"person_1526_23_0"},{"isPositive":0,"id":"person_1619_23_0"},{"isPositive":0,"id":"person_1542_23_0"},{"isPositive":0,"id":"person_1690_23_0"},{"isPositive":0,"id":"person_1581_23_0"},{"isPositive":0,"id":"person_1768_23_0"},{"isPositive":0,"id":"person_1769_23_0"},{"isPositive":0,"id":"person_1700_23_0"},{"isPositive":0,"id":"person_1770_23_0"},{"isPositive":0,"id":"person_1968_23_0"},{"isPositive":0,"id":"person_1885_23_0"},{"isPositive":0,"id":"person_1925_23_0"},{"isPositive":0,"id":"person_1863_23_0"},{"isPositive":0,"id":"person_1892_23_0"},{"isPositive":0,"id":"person_1901_23_0"},{"isPositive":0,"id":"person_2008_23_0"},{"isPositive":0,"id":"person_2106_23_0"},{"isPositive":0,"id":"person_2107_23_0"},{"isPositive":0,"id":"person_2038_23_0"},{"isPositive":0,"id":"person_2108_23_0"},{"isPositive":0,"id":"person_2261_23_0"},{"isPositive":0,"id":"person_2262_23_0"},{"isPositive":0,"id":"person_2200_23_0"},{"isPositive":0,"id":"person_2325_23_0"},{"isPositive":0,"id":"person_2326_23_0"},{"isPositive":0,"id":"person_2232_23_0"},{"isPositive":0,"id":"person_2242_23_0"},{"isPositive":0,"id":"person_2309_23_0"},{"isPositive":0,"id":"person_2310_23_0"},{"isPositive":0,"id":"person_2311_23_0"},{"isPositive":0,"id":"person_2226_23_0"},{"isPositive":0,"id":"person_2293_23_0"},{"isPositive":0,"id":"person_2294_23_0"},{"isPositive":0,"id":"person_2217_23_0"},{"isPositive":0,"id":"person_2629_23_0"},{"isPositive":0,"id":"person_2630_23_0"},{"isPositive":0,"id":"person_2554_23_0"},{"isPositive":0,"id":"person_2768_23_0"},{"isPositive":0,"id":"person_2769_23_0"},{"isPositive":0,"id":"person_2707_23_0"},{"isPositive":0,"id":"person_2832_23_0"},{"isPositive":0,"id":"person_2833_23_0"},{"isPositive":0,"id":"person_2739_23_0"},{"isPositive":0,"id":"person_2749_23_0"},{"isPositive":0,"id":"person_2816_23_0"},{"isPositive":0,"id":"person_2817_23_0"},{"isPositive":0,"id":"person_2818_23_0"},{"isPositive":0,"id":"person_2733_23_0"},{"isPositive":0,"id":"person_2800_23_0"},{"isPositive":0,"id":"person_2801_23_0"},{"isPositive":0,"id":"person_2724_23_0"}]