[{"isPositive":0,"id":"person_251_23_0"},{"isPositive":0,"id":"person_181_23_0"},{"isPositive":0,"id":"person_253_23_0"},{"isPositive":0,"id":"person_333_23_0"},{"isPositive":0,"id":"person_334_23_0"},{"isPositive":0,"id":"person_303_23_0"},{"isPositive":0,"id":"person_304_23_0"},{"isPositive":0,"id":"person_306_23_0"},{"isPositive":0,"id":"person_307_23_0"},{"isPositive":0,"id":"person_305_23_0"},{"isPositive":0,"id":"person_308_23_0"},{"isPositive":0,"id":"person_309_23_0"},{"isPositive":0,"id":"person_310_23_0"},{"isPositive":0,"id":"person_311_23_0"},{"isPositive":0,"id":"person_312_23_0"},{"isPositive":0,"id":"person_313_23_0"},{"isPositive":0,"id":"person_314_23_0"},{"isPositive":0,"id":"person_208_23_0"},{"isPositive":0,"id":"person_224_23_0"},{"isPositive":0,"id":"person_250_23_0"},{"isPositive":0,"id":"person_252_23_0"},{"isPositive":0,"id":"person_241_23_0"},{"isPositive":0,"id":"person_242_23_0"},{"isPositive":0,"id":"person_212_23_0"},{"isPositive":0,"id":"person_245_23_0"},{"isPositive":0,"id":"person_243_23_0"},{"isPositive":0,"id":"person_244_23_0"},{"isPositive":0,"id":"person_176_23_0"},{"isPositive":0,"id":"person_1078_23_0"},{"isPositive":0,"id":"person_1079_23_0"},{"isPositive":0,"id":"person_1017_23_0"},{"isPositive":0,"id":"person_1112_23_0"},{"isPositive":0,"id":"person_1035_23_0"},{"isPositive":0,"id":"person_1180_23_0"},{"isPositive":0,"id":"person_1070_23_0"},{"isPositive":0,"id":"person_1198_23_0"},{"isPositive":0,"id":"person_1192_23_0"},{"isPositive":0,"id":"person_1281_23_0"},{"isPositive":0,"id":"person_1204_23_0"},{"isPositive":0,"id":"person_1352_23_0"},{"isPositive":0,"id":"person_1243_23_0"},{"isPositive":0,"id":"person_1363_23_0"},{"isPositive":0,"id":"person_1445_23_0"},{"isPositive":0,"id":"person_1370_23_0"},{"isPositive":0,"id":"person_1393_23_0"},{"isPositive":0,"id":"person_1509_23_0"},{"isPositive":0,"id":"person_1510_23_0"},{"isPositive":0,"id":"person_1511_23_0"},{"isPositive":0,"id":"person_1512_23_0"},{"isPositive":0,"id":"person_1513_23_0"},{"isPositive":0,"id":"person_1401_23_0"},{"isPositive":0,"id":"person_1500_23_0"},{"isPositive":0,"id":"person_1778_23_0"},{"isPositive":0,"id":"person_1779_23_0"},{"isPositive":0,"id":"person_1704_23_0"},{"isPositive":0,"id":"person_1731_23_0"},{"isPositive":0,"id":"person_1847_23_0"},{"isPositive":0,"id":"person_1848_23_0"},{"isPositive":0,"id":"person_1849_23_0"},{"isPositive":0,"id":"person_1850_23_0"},{"isPositive":0,"id":"person_1851_23_0"},{"isPositive":0,"id":"person_1739_23_0"},{"isPositive":0,"id":"person_1838_23_0"},{"isPositive":0,"id":"person_2113_23_0"},{"isPositive":0,"id":"person_2114_23_0"},{"isPositive":0,"id":"person_2078_23_0"},{"isPositive":0,"id":"person_2075_23_0"},{"isPositive":0,"id":"person_2080_23_0"},{"isPositive":0,"id":"person_2074_23_0"},{"isPositive":0,"id":"person_2178_23_0"},{"isPositive":0,"id":"person_2179_23_0"},{"isPositive":0,"id":"person_2190_23_0"},{"isPositive":0,"id":"person_2191_23_0"},{"isPositive":0,"id":"person_2081_23_0"},{"isPositive":0,"id":"person_2087_23_0"},{"isPositive":0,"id":"person_2196_23_0"},{"isPositive":0,"id":"person_2065_23_0"},{"isPositive":0,"id":"person_2064_23_0"},{"isPositive":0,"id":"person_2155_23_0"},{"isPositive":0,"id":"person_2062_23_0"},{"isPositive":0,"id":"person_2174_23_0"},{"isPositive":0,"id":"person_2175_23_0"},{"isPositive":0,"id":"person_2068_23_0"},{"isPositive":0,"id":"person_2072_23_0"},{"isPositive":0,"id":"person_2115_23_0"},{"isPositive":0,"id":"person_2041_23_0"},{"isPositive":0,"id":"person_2797_23_0"},{"isPositive":0,"id":"person_2722_23_0"},{"isPositive":0,"id":"person_2803_23_0"},{"isPositive":0,"id":"person_2804_23_0"},{"isPositive":0,"id":"person_2726_23_0"},{"isPositive":0,"id":"person_2951_23_0"},{"isPositive":0,"id":"person_2952_23_0"},{"isPositive":0,"id":"person_2883_23_0"},{"isPositive":0,"id":"person_2953_23_0"},{"isPositive":0,"id":"person_3040_23_0"},{"isPositive":0,"id":"person_2931_23_0"}]