[{"isPositive":0,"id":"person_69_23_0"},{"isPositive":0,"id":"person_77_23_0"},{"isPositive":0,"id":"person_71_23_0"},{"isPositive":1,"id":"person_6_23_0"},{"isPositive":1,"id":"person_8_23_0"},{"isPositive":0,"id":"person_70_23_0"},{"isPositive":1,"id":"person_25_23_0"},{"isPositive":0,"id":"person_121_23_0"},{"isPositive":0,"id":"person_122_23_0"},{"isPositive":0,"id":"person_123_23_0"},{"isPositive":0,"id":"person_124_23_0"},{"isPositive":0,"id":"person_126_23_0"},{"isPositive":0,"id":"person_125_23_0"},{"isPositive":1,"id":"person_31_23_0"},{"isPositive":0,"id":"person_120_23_0"},{"isPositive":0,"id":"person_558_23_0"},{"isPositive":0,"id":"person_673_23_0"},{"isPositive":0,"id":"person_563_23_0"},{"isPositive":0,"id":"person_764_23_0"},{"isPositive":0,"id":"person_765_23_0"},{"isPositive":0,"id":"person_690_23_0"},{"isPositive":0,"id":"person_718_23_0"},{"isPositive":0,"id":"person_825_23_0"},{"isPositive":0,"id":"person_914_23_0"},{"isPositive":0,"id":"person_922_23_0"},{"isPositive":0,"id":"person_916_23_0"},{"isPositive":0,"id":"person_851_23_0"},{"isPositive":0,"id":"person_853_23_0"},{"isPositive":0,"id":"person_915_23_0"},{"isPositive":0,"id":"person_1029_23_0"},{"isPositive":0,"id":"person_1023_23_0"},{"isPositive":0,"id":"person_1142_23_0"},{"isPositive":0,"id":"person_1143_23_0"},{"isPositive":0,"id":"person_1049_23_0"},{"isPositive":0,"id":"person_1059_23_0"},{"isPositive":0,"id":"person_1126_23_0"},{"isPositive":0,"id":"person_1127_23_0"},{"isPositive":0,"id":"person_1128_23_0"},{"isPositive":0,"id":"person_1043_23_0"},{"isPositive":0,"id":"person_1110_23_0"},{"isPositive":0,"id":"person_1111_23_0"},{"isPositive":0,"id":"person_1034_23_0"},{"isPositive":0,"id":"person_1451_23_0"},{"isPositive":0,"id":"person_1452_23_0"},{"isPositive":0,"id":"person_1374_23_0"},{"isPositive":0,"id":"person_1630_23_0"},{"isPositive":0,"id":"person_1547_23_0"},{"isPositive":0,"id":"person_1587_23_0"},{"isPositive":0,"id":"person_1525_23_0"},{"isPositive":0,"id":"person_1562_23_0"},{"isPositive":0,"id":"person_1678_23_0"},{"isPositive":0,"id":"person_1679_23_0"},{"isPositive":0,"id":"person_1680_23_0"},{"isPositive":0,"id":"person_1681_23_0"},{"isPositive":0,"id":"person_1682_23_0"},{"isPositive":0,"id":"person_1570_23_0"},{"isPositive":0,"id":"person_1669_23_0"},{"isPositive":0,"id":"person_1870_23_0"},{"isPositive":0,"id":"person_1949_23_0"},{"isPositive":0,"id":"person_1875_23_0"},{"isPositive":0,"id":"person_1884_23_0"},{"isPositive":0,"id":"person_1910_23_0"},{"isPositive":0,"id":"person_2092_23_0"},{"isPositive":0,"id":"person_2093_23_0"},{"isPositive":0,"id":"person_2031_23_0"},{"isPositive":0,"id":"person_2085_23_0"},{"isPositive":0,"id":"person_2060_23_0"},{"isPositive":0,"id":"person_2161_23_0"},{"isPositive":0,"id":"person_2158_23_0"},{"isPositive":0,"id":"person_2066_23_0"},{"isPositive":0,"id":"person_2159_23_0"},{"isPositive":0,"id":"person_2160_23_0"},{"isPositive":0,"id":"person_2133_23_0"},{"isPositive":0,"id":"person_2134_23_0"},{"isPositive":0,"id":"person_2135_23_0"},{"isPositive":0,"id":"person_2136_23_0"},{"isPositive":0,"id":"person_2052_23_0"},{"isPositive":0,"id":"person_2399_23_0"},{"isPositive":0,"id":"person_2408_23_0"},{"isPositive":0,"id":"person_2515_23_0"},{"isPositive":0,"id":"person_2546_23_0"},{"isPositive":0,"id":"person_2628_23_0"},{"isPositive":0,"id":"person_2553_23_0"},{"isPositive":0,"id":"person_2655_23_0"},{"isPositive":0,"id":"person_2656_23_0"},{"isPositive":0,"id":"person_2657_23_0"},{"isPositive":0,"id":"person_2658_23_0"},{"isPositive":0,"id":"person_2659_23_0"},{"isPositive":0,"id":"person_2661_23_0"},{"isPositive":0,"id":"person_2660_23_0"},{"isPositive":0,"id":"person_2566_23_0"},{"isPositive":0,"id":"person_2961_23_0"},{"isPositive":0,"id":"person_2962_23_0"},{"isPositive":0,"id":"person_2887_23_0"},{"isPositive":0,"id":"person_2988_23_0"},{"isPositive":0,"id":"person_2991_23_0"},{"isPositive":0,"id":"person_2992_23_0"},{"isPositive":0,"id":"person_3027_23_0"},{"isPositive":0,"id":"person_3026_23_0"},{"isPositive":0,"id":"person_3028_23_0"},{"isPositive":0,"id":"person_3029_23_0"},{"isPositive":0,"id":"person_2921_23_0"},{"isPositive":0,"id":"person_3025_23_0"},{"isPositive":0,"id":"person_2989_23_0"},{"isPositive":0,"id":"person_2990_23_0"},{"isPositive":0,"id":"person_2903_23_0"}]