[{"isPositive":0,"id":"person_82_23_0"},{"isPositive":1,"id":"person_12_23_0"},{"isPositive":0,"id":"person_84_23_0"},{"isPositive":0,"id":"person_164_23_0"},{"isPositive":0,"id":"person_165_23_0"},{"isPositive":0,"id":"person_72_23_0"},{"isPositive":0,"id":"person_73_23_0"},{"isPositive":1,"id":"person_43_23_0"},{"isPositive":0,"id":"person_76_23_0"},{"isPositive":0,"id":"person_74_23_0"},{"isPositive":0,"id":"person_75_23_0"},{"isPositive":1,"id":"person_7_23_0"},{"isPositive":0,"id":"person_134_23_0"},{"isPositive":0,"id":"person_135_23_0"},{"isPositive":0,"id":"person_137_23_0"},{"isPositive":0,"id":"person_138_23_0"},{"isPositive":0,"id":"person_136_23_0"},{"isPositive":0,"id":"person_139_23_0"},{"isPositive":0,"id":"person_140_23_0"},{"isPositive":0,"id":"person_141_23_0"},{"isPositive":0,"id":"person_142_23_0"},{"isPositive":0,"id":"person_143_23_0"},{"isPositive":0,"id":"person_144_23_0"},{"isPositive":0,"id":"person_145_23_0"},{"isPositive":1,"id":"person_39_23_0"},{"isPositive":1,"id":"person_55_23_0"},{"isPositive":0,"id":"person_81_23_0"},{"isPositive":0,"id":"person_83_23_0"},{"isPositive":1,"id":"person_33_23_0"},{"isPositive":0,"id":"person_1099_23_0"},{"isPositive":0,"id":"person_1100_23_0"},{"isPositive":0,"id":"person_1064_23_0"},{"isPositive":0,"id":"person_1061_23_0"},{"isPositive":0,"id":"person_1066_23_0"},{"isPositive":0,"id":"person_1060_23_0"},{"isPositive":0,"id":"person_1164_23_0"},{"isPositive":0,"id":"person_1165_23_0"},{"isPositive":0,"id":"person_1176_23_0"},{"isPositive":0,"id":"person_1177_23_0"},{"isPositive":0,"id":"person_1067_23_0"},{"isPositive":0,"id":"person_1073_23_0"},{"isPositive":0,"id":"person_1182_23_0"},{"isPositive":0,"id":"person_1051_23_0"},{"isPositive":0,"id":"person_1050_23_0"},{"isPositive":0,"id":"person_1141_23_0"},{"isPositive":0,"id":"person_1048_23_0"},{"isPositive":0,"id":"person_1160_23_0"},{"isPositive":0,"id":"person_1161_23_0"},{"isPositive":0,"id":"person_1054_23_0"},{"isPositive":0,"id":"person_1058_23_0"},{"isPositive":0,"id":"person_1101_23_0"},{"isPositive":0,"id":"person_1027_23_0"},{"isPositive":0,"id":"person_1800_23_0"},{"isPositive":0,"id":"person_1717_23_0"},{"isPositive":0,"id":"person_1801_23_0"},{"isPositive":0,"id":"person_1718_23_0"},{"isPositive":0,"id":"person_1744_23_0"},{"isPositive":0,"id":"person_1792_23_0"},{"isPositive":0,"id":"person_1793_23_0"},{"isPositive":0,"id":"person_1794_23_0"},{"isPositive":0,"id":"person_1713_23_0"},{"isPositive":0,"id":"person_1791_23_0"},{"isPositive":0,"id":"person_1781_23_0"},{"isPositive":0,"id":"person_1782_23_0"},{"isPositive":0,"id":"person_1707_23_0"},{"isPositive":0,"id":"person_2053_23_0"},{"isPositive":0,"id":"person_2143_23_0"},{"isPositive":0,"id":"person_2146_23_0"},{"isPositive":0,"id":"person_2147_23_0"},{"isPositive":0,"id":"person_2182_23_0"},{"isPositive":0,"id":"person_2181_23_0"},{"isPositive":0,"id":"person_2183_23_0"},{"isPositive":0,"id":"person_2184_23_0"},{"isPositive":0,"id":"person_2076_23_0"},{"isPositive":0,"id":"person_2180_23_0"},{"isPositive":0,"id":"person_2144_23_0"},{"isPositive":0,"id":"person_2145_23_0"},{"isPositive":0,"id":"person_2058_23_0"},{"isPositive":0,"id":"person_2597_23_0"},{"isPositive":0,"id":"person_2598_23_0"},{"isPositive":0,"id":"person_2537_23_0"},{"isPositive":0,"id":"person_2596_23_0"},{"isPositive":0,"id":"person_2536_23_0"},{"isPositive":0,"id":"person_2577_23_0"},{"isPositive":0,"id":"person_2684_23_0"},{"isPositive":0,"id":"person_2773_23_0"},{"isPositive":0,"id":"person_2781_23_0"},{"isPositive":0,"id":"person_2775_23_0"},{"isPositive":0,"id":"person_2710_23_0"},{"isPositive":0,"id":"person_2712_23_0"},{"isPositive":0,"id":"person_2774_23_0"},{"isPositive":0,"id":"person_2884_23_0"},{"isPositive":0,"id":"person_2983_23_0"},{"isPositive":0,"id":"person_2900_23_0"},{"isPositive":0,"id":"person_2984_23_0"},{"isPositive":0,"id":"person_2901_23_0"},{"isPositive":0,"id":"person_2927_23_0"},{"isPositive":0,"id":"person_2975_23_0"},{"isPositive":0,"id":"person_2976_23_0"},{"isPositive":0,"id":"person_2977_23_0"},{"isPositive":0,"id":"person_2896_23_0"},{"isPositive":0,"id":"person_2974_23_0"},{"isPositive":0,"id":"person_2964_23_0"},{"isPositive":0,"id":"person_2965_23_0"},{"isPositive":0,"id":"person_2890_23_0"}]