[{"isPositive":1,"id":"person_15_23_0"},{"isPositive":1,"id":"person_9_23_0"},{"isPositive":0,"id":"person_268_23_0"},{"isPositive":0,"id":"person_269_23_0"},{"isPositive":0,"id":"person_191_23_0"},{"isPositive":0,"id":"person_353_23_0"},{"isPositive":0,"id":"person_347_23_0"},{"isPositive":0,"id":"person_466_23_0"},{"isPositive":0,"id":"person_467_23_0"},{"isPositive":0,"id":"person_373_23_0"},{"isPositive":0,"id":"person_383_23_0"},{"isPositive":0,"id":"person_450_23_0"},{"isPositive":0,"id":"person_451_23_0"},{"isPositive":0,"id":"person_452_23_0"},{"isPositive":0,"id":"person_367_23_0"},{"isPositive":0,"id":"person_434_23_0"},{"isPositive":0,"id":"person_435_23_0"},{"isPositive":0,"id":"person_358_23_0"},{"isPositive":0,"id":"person_766_23_0"},{"isPositive":0,"id":"person_692_23_0"},{"isPositive":0,"id":"person_775_23_0"},{"isPositive":0,"id":"person_776_23_0"},{"isPositive":0,"id":"person_698_23_0"},{"isPositive":0,"id":"person_927_23_0"},{"isPositive":0,"id":"person_857_23_0"},{"isPositive":0,"id":"person_929_23_0"},{"isPositive":0,"id":"person_1009_23_0"},{"isPositive":0,"id":"person_1010_23_0"},{"isPositive":0,"id":"person_979_23_0"},{"isPositive":0,"id":"person_980_23_0"},{"isPositive":0,"id":"person_982_23_0"},{"isPositive":0,"id":"person_983_23_0"},{"isPositive":0,"id":"person_981_23_0"},{"isPositive":0,"id":"person_984_23_0"},{"isPositive":0,"id":"person_985_23_0"},{"isPositive":0,"id":"person_986_23_0"},{"isPositive":0,"id":"person_987_23_0"},{"isPositive":0,"id":"person_988_23_0"},{"isPositive":0,"id":"person_989_23_0"},{"isPositive":0,"id":"person_990_23_0"},{"isPositive":0,"id":"person_884_23_0"},{"isPositive":0,"id":"person_900_23_0"},{"isPositive":0,"id":"person_926_23_0"},{"isPositive":0,"id":"person_928_23_0"},{"isPositive":0,"id":"person_917_23_0"},{"isPositive":0,"id":"person_918_23_0"},{"isPositive":0,"id":"person_888_23_0"},{"isPositive":0,"id":"person_921_23_0"},{"isPositive":0,"id":"person_919_23_0"},{"isPositive":0,"id":"person_920_23_0"},{"isPositive":0,"id":"person_852_23_0"},{"isPositive":0,"id":"person_1705_23_0"},{"isPositive":0,"id":"person_1699_23_0"},{"isPositive":0,"id":"person_1784_23_0"},{"isPositive":0,"id":"person_1785_23_0"},{"isPositive":0,"id":"person_1709_23_0"},{"isPositive":0,"id":"person_1923_23_0"},{"isPositive":0,"id":"person_1924_23_0"},{"isPositive":0,"id":"person_1862_23_0"},{"isPositive":0,"id":"person_1987_23_0"},{"isPositive":0,"id":"person_1988_23_0"},{"isPositive":0,"id":"person_1894_23_0"},{"isPositive":0,"id":"person_1904_23_0"},{"isPositive":0,"id":"person_1971_23_0"},{"isPositive":0,"id":"person_1972_23_0"},{"isPositive":0,"id":"person_1973_23_0"},{"isPositive":0,"id":"person_1888_23_0"},{"isPositive":0,"id":"person_1955_23_0"},{"isPositive":0,"id":"person_1956_23_0"},{"isPositive":0,"id":"person_1879_23_0"},{"isPositive":0,"id":"person_2295_23_0"},{"isPositive":0,"id":"person_2218_23_0"},{"isPositive":0,"id":"person_2230_23_0"},{"isPositive":0,"id":"person_2430_23_0"},{"isPositive":0,"id":"person_2431_23_0"},{"isPositive":0,"id":"person_2369_23_0"},{"isPositive":0,"id":"person_2464_23_0"},{"isPositive":0,"id":"person_2387_23_0"},{"isPositive":0,"id":"person_2532_23_0"},{"isPositive":0,"id":"person_2422_23_0"},{"isPositive":0,"id":"person_2613_23_0"},{"isPositive":0,"id":"person_2614_23_0"},{"isPositive":0,"id":"person_2545_23_0"},{"isPositive":0,"id":"person_2615_23_0"},{"isPositive":0,"id":"person_2813_23_0"},{"isPositive":0,"id":"person_2730_23_0"},{"isPositive":0,"id":"person_2770_23_0"},{"isPositive":0,"id":"person_2708_23_0"},{"isPositive":0,"id":"person_2819_23_0"},{"isPositive":0,"id":"person_2822_23_0"},{"isPositive":0,"id":"person_2823_23_0"},{"isPositive":0,"id":"person_2858_23_0"},{"isPositive":0,"id":"person_2857_23_0"},{"isPositive":0,"id":"person_2859_23_0"},{"isPositive":0,"id":"person_2860_23_0"},{"isPositive":0,"id":"person_2752_23_0"},{"isPositive":0,"id":"person_2856_23_0"},{"isPositive":0,"id":"person_2820_23_0"},{"isPositive":0,"id":"person_2821_23_0"},{"isPositive":0,"id":"person_2734_23_0"}]