[{"isPositive":0,"id":"person_184_23_0"},{"isPositive":0,"id":"person_178_23_0"},{"isPositive":0,"id":"person_263_23_0"},{"isPositive":0,"id":"person_264_23_0"},{"isPositive":0,"id":"person_188_23_0"},{"isPositive":0,"id":"person_416_23_0"},{"isPositive":0,"id":"person_417_23_0"},{"isPositive":0,"id":"person_348_23_0"},{"isPositive":0,"id":"person_418_23_0"},{"isPositive":0,"id":"person_504_23_0"},{"isPositive":0,"id":"person_394_23_0"},{"isPositive":0,"id":"person_574_23_0"},{"isPositive":0,"id":"person_575_23_0"},{"isPositive":0,"id":"person_512_23_0"},{"isPositive":0,"id":"person_605_23_0"},{"isPositive":0,"id":"person_528_23_0"},{"isPositive":0,"id":"person_738_23_0"},{"isPositive":0,"id":"person_739_23_0"},{"isPositive":0,"id":"person_678_23_0"},{"isPositive":0,"id":"person_737_23_0"},{"isPositive":0,"id":"person_677_23_0"},{"isPositive":0,"id":"person_842_23_0"},{"isPositive":0,"id":"person_732_23_0"},{"isPositive":0,"id":"person_912_23_0"},{"isPositive":0,"id":"person_913_23_0"},{"isPositive":0,"id":"person_850_23_0"},{"isPositive":0,"id":"person_943_23_0"},{"isPositive":0,"id":"person_866_23_0"},{"isPositive":0,"id":"person_1012_23_0"},{"isPositive":0,"id":"person_903_23_0"},{"isPositive":0,"id":"person_1124_23_0"},{"isPositive":0,"id":"person_1041_23_0"},{"isPositive":0,"id":"person_1125_23_0"},{"isPositive":0,"id":"person_1042_23_0"},{"isPositive":0,"id":"person_1068_23_0"},{"isPositive":0,"id":"person_1116_23_0"},{"isPositive":0,"id":"person_1117_23_0"},{"isPositive":0,"id":"person_1118_23_0"},{"isPositive":0,"id":"person_1037_23_0"},{"isPositive":0,"id":"person_1115_23_0"},{"isPositive":0,"id":"person_1105_23_0"},{"isPositive":0,"id":"person_1106_23_0"},{"isPositive":0,"id":"person_1031_23_0"},{"isPositive":0,"id":"person_1467_23_0"},{"isPositive":0,"id":"person_1470_23_0"},{"isPositive":0,"id":"person_1471_23_0"},{"isPositive":0,"id":"person_1506_23_0"},{"isPositive":0,"id":"person_1505_23_0"},{"isPositive":0,"id":"person_1507_23_0"},{"isPositive":0,"id":"person_1508_23_0"},{"isPositive":0,"id":"person_1400_23_0"},{"isPositive":0,"id":"person_1504_23_0"},{"isPositive":0,"id":"person_1468_23_0"},{"isPositive":0,"id":"person_1469_23_0"},{"isPositive":0,"id":"person_1382_23_0"},{"isPositive":0,"id":"person_1856_23_0"},{"isPositive":0,"id":"person_1746_23_0"},{"isPositive":0,"id":"person_1928_23_0"},{"isPositive":0,"id":"person_1936_23_0"},{"isPositive":0,"id":"person_1930_23_0"},{"isPositive":0,"id":"person_1865_23_0"},{"isPositive":0,"id":"person_1867_23_0"},{"isPositive":0,"id":"person_1929_23_0"},{"isPositive":0,"id":"person_2039_23_0"},{"isPositive":0,"id":"person_2138_23_0"},{"isPositive":0,"id":"person_2055_23_0"},{"isPositive":0,"id":"person_2139_23_0"},{"isPositive":0,"id":"person_2056_23_0"},{"isPositive":0,"id":"person_2082_23_0"},{"isPositive":0,"id":"person_2130_23_0"},{"isPositive":0,"id":"person_2131_23_0"},{"isPositive":0,"id":"person_2132_23_0"},{"isPositive":0,"id":"person_2051_23_0"},{"isPositive":0,"id":"person_2129_23_0"},{"isPositive":0,"id":"person_2119_23_0"},{"isPositive":0,"id":"person_2120_23_0"},{"isPositive":0,"id":"person_2045_23_0"},{"isPositive":0,"id":"person_2407_23_0"},{"isPositive":0,"id":"person_2523_23_0"},{"isPositive":0,"id":"person_2524_23_0"},{"isPositive":0,"id":"person_2525_23_0"},{"isPositive":0,"id":"person_2526_23_0"},{"isPositive":0,"id":"person_2527_23_0"},{"isPositive":0,"id":"person_2415_23_0"},{"isPositive":0,"id":"person_2514_23_0"},{"isPositive":0,"id":"person_2782_23_0"},{"isPositive":0,"id":"person_2783_23_0"},{"isPositive":0,"id":"person_2714_23_0"},{"isPositive":0,"id":"person_2784_23_0"},{"isPositive":0,"id":"person_2755_23_0"},{"isPositive":0,"id":"person_2935_23_0"},{"isPositive":0,"id":"person_2936_23_0"},{"isPositive":0,"id":"person_2875_23_0"},{"isPositive":0,"id":"person_2934_23_0"},{"isPositive":0,"id":"person_2874_23_0"},{"isPositive":0,"id":"person_3042_23_0"},{"isPositive":0,"id":"person_2933_23_0"}]