[{"isPositive":0,"id":"person_169_23_0"},{"isPositive":1,"id":"person_60_23_0"},{"isPositive":0,"id":"person_267_23_0"},{"isPositive":0,"id":"person_190_23_0"},{"isPositive":0,"id":"person_400_23_0"},{"isPositive":0,"id":"person_401_23_0"},{"isPositive":0,"id":"person_340_23_0"},{"isPositive":0,"id":"person_399_23_0"},{"isPositive":0,"id":"person_339_23_0"},{"isPositive":0,"id":"person_505_23_0"},{"isPositive":0,"id":"person_396_23_0"},{"isPositive":0,"id":"person_616_23_0"},{"isPositive":0,"id":"person_533_23_0"},{"isPositive":0,"id":"person_573_23_0"},{"isPositive":0,"id":"person_511_23_0"},{"isPositive":0,"id":"person_540_23_0"},{"isPositive":0,"id":"person_674_23_0"},{"isPositive":0,"id":"person_565_23_0"},{"isPositive":0,"id":"person_761_23_0"},{"isPositive":0,"id":"person_762_23_0"},{"isPositive":0,"id":"person_726_23_0"},{"isPositive":0,"id":"person_723_23_0"},{"isPositive":0,"id":"person_728_23_0"},{"isPositive":0,"id":"person_722_23_0"},{"isPositive":0,"id":"person_826_23_0"},{"isPositive":0,"id":"person_827_23_0"},{"isPositive":0,"id":"person_838_23_0"},{"isPositive":0,"id":"person_839_23_0"},{"isPositive":0,"id":"person_729_23_0"},{"isPositive":0,"id":"person_735_23_0"},{"isPositive":0,"id":"person_844_23_0"},{"isPositive":0,"id":"person_713_23_0"},{"isPositive":0,"id":"person_712_23_0"},{"isPositive":0,"id":"person_803_23_0"},{"isPositive":0,"id":"person_710_23_0"},{"isPositive":0,"id":"person_822_23_0"},{"isPositive":0,"id":"person_823_23_0"},{"isPositive":0,"id":"person_716_23_0"},{"isPositive":0,"id":"person_720_23_0"},{"isPositive":0,"id":"person_763_23_0"},{"isPositive":0,"id":"person_689_23_0"},{"isPositive":0,"id":"person_1462_23_0"},{"isPositive":0,"id":"person_1379_23_0"},{"isPositive":0,"id":"person_1463_23_0"},{"isPositive":0,"id":"person_1380_23_0"},{"isPositive":0,"id":"person_1406_23_0"},{"isPositive":0,"id":"person_1454_23_0"},{"isPositive":0,"id":"person_1455_23_0"},{"isPositive":0,"id":"person_1456_23_0"},{"isPositive":0,"id":"person_1375_23_0"},{"isPositive":0,"id":"person_1453_23_0"},{"isPositive":0,"id":"person_1443_23_0"},{"isPositive":0,"id":"person_1444_23_0"},{"isPositive":0,"id":"person_1369_23_0"},{"isPositive":0,"id":"person_1715_23_0"},{"isPositive":0,"id":"person_1805_23_0"},{"isPositive":0,"id":"person_1808_23_0"},{"isPositive":0,"id":"person_1809_23_0"},{"isPositive":0,"id":"person_1844_23_0"},{"isPositive":0,"id":"person_1843_23_0"},{"isPositive":0,"id":"person_1845_23_0"},{"isPositive":0,"id":"person_1846_23_0"},{"isPositive":0,"id":"person_1738_23_0"},{"isPositive":0,"id":"person_1842_23_0"},{"isPositive":0,"id":"person_1806_23_0"},{"isPositive":0,"id":"person_1807_23_0"},{"isPositive":0,"id":"person_1720_23_0"},{"isPositive":0,"id":"person_2306_23_0"},{"isPositive":0,"id":"person_2223_23_0"},{"isPositive":0,"id":"person_2263_23_0"},{"isPositive":0,"id":"person_2201_23_0"},{"isPositive":0,"id":"person_2222_23_0"},{"isPositive":0,"id":"person_2317_23_0"},{"isPositive":0,"id":"person_2318_23_0"},{"isPositive":0,"id":"person_2319_23_0"},{"isPositive":0,"id":"person_2320_23_0"},{"isPositive":0,"id":"person_2321_23_0"},{"isPositive":0,"id":"person_2323_23_0"},{"isPositive":0,"id":"person_2322_23_0"},{"isPositive":0,"id":"person_2228_23_0"},{"isPositive":0,"id":"person_2625_23_0"},{"isPositive":0,"id":"person_2551_23_0"},{"isPositive":0,"id":"person_2663_23_0"},{"isPositive":0,"id":"person_2664_23_0"},{"isPositive":0,"id":"person_2570_23_0"},{"isPositive":0,"id":"person_2580_23_0"},{"isPositive":0,"id":"person_2647_23_0"},{"isPositive":0,"id":"person_2648_23_0"},{"isPositive":0,"id":"person_2649_23_0"},{"isPositive":0,"id":"person_2564_23_0"},{"isPositive":0,"id":"person_2631_23_0"},{"isPositive":0,"id":"person_2632_23_0"},{"isPositive":0,"id":"person_2555_23_0"},{"isPositive":0,"id":"person_2972_23_0"},{"isPositive":0,"id":"person_2973_23_0"},{"isPositive":0,"id":"person_2895_23_0"}]