[{"isPositive":0,"id":"person_238_23_0"},{"isPositive":0,"id":"person_246_23_0"},{"isPositive":0,"id":"person_240_23_0"},{"isPositive":0,"id":"person_175_23_0"},{"isPositive":0,"id":"person_177_23_0"},{"isPositive":0,"id":"person_239_23_0"},{"isPositive":0,"id":"person_431_23_0"},{"isPositive":0,"id":"person_356_23_0"},{"isPositive":0,"id":"person_395_23_0"},{"isPositive":0,"id":"person_370_23_0"},{"isPositive":0,"id":"person_471_23_0"},{"isPositive":0,"id":"person_468_23_0"},{"isPositive":0,"id":"person_376_23_0"},{"isPositive":0,"id":"person_469_23_0"},{"isPositive":0,"id":"person_470_23_0"},{"isPositive":0,"id":"person_443_23_0"},{"isPositive":0,"id":"person_444_23_0"},{"isPositive":0,"id":"person_445_23_0"},{"isPositive":0,"id":"person_446_23_0"},{"isPositive":0,"id":"person_362_23_0"},{"isPositive":0,"id":"person_791_23_0"},{"isPositive":0,"id":"person_794_23_0"},{"isPositive":0,"id":"person_795_23_0"},{"isPositive":0,"id":"person_830_23_0"},{"isPositive":0,"id":"person_829_23_0"},{"isPositive":0,"id":"person_831_23_0"},{"isPositive":0,"id":"person_832_23_0"},{"isPositive":0,"id":"person_724_23_0"},{"isPositive":0,"id":"person_828_23_0"},{"isPositive":0,"id":"person_792_23_0"},{"isPositive":0,"id":"person_793_23_0"},{"isPositive":0,"id":"person_706_23_0"},{"isPositive":0,"id":"person_1134_23_0"},{"isPositive":0,"id":"person_1135_23_0"},{"isPositive":0,"id":"person_1136_23_0"},{"isPositive":0,"id":"person_1137_23_0"},{"isPositive":0,"id":"person_1138_23_0"},{"isPositive":0,"id":"person_1140_23_0"},{"isPositive":0,"id":"person_1139_23_0"},{"isPositive":0,"id":"person_1045_23_0"},{"isPositive":0,"id":"person_1430_23_0"},{"isPositive":0,"id":"person_1431_23_0"},{"isPositive":0,"id":"person_1362_23_0"},{"isPositive":0,"id":"person_1432_23_0"},{"isPositive":0,"id":"person_1403_23_0"},{"isPositive":0,"id":"person_1583_23_0"},{"isPositive":0,"id":"person_1584_23_0"},{"isPositive":0,"id":"person_1523_23_0"},{"isPositive":0,"id":"person_1582_23_0"},{"isPositive":0,"id":"person_1522_23_0"},{"isPositive":0,"id":"person_1754_23_0"},{"isPositive":0,"id":"person_1755_23_0"},{"isPositive":0,"id":"person_1693_23_0"},{"isPositive":0,"id":"person_1818_23_0"},{"isPositive":0,"id":"person_1819_23_0"},{"isPositive":0,"id":"person_1725_23_0"},{"isPositive":0,"id":"person_1735_23_0"},{"isPositive":0,"id":"person_1802_23_0"},{"isPositive":0,"id":"person_1803_23_0"},{"isPositive":0,"id":"person_1804_23_0"},{"isPositive":0,"id":"person_1719_23_0"},{"isPositive":0,"id":"person_1786_23_0"},{"isPositive":0,"id":"person_1787_23_0"},{"isPositive":0,"id":"person_1710_23_0"},{"isPositive":0,"id":"person_2121_23_0"},{"isPositive":0,"id":"person_2046_23_0"},{"isPositive":0,"id":"person_2148_23_0"},{"isPositive":0,"id":"person_2149_23_0"},{"isPositive":0,"id":"person_2150_23_0"},{"isPositive":0,"id":"person_2151_23_0"},{"isPositive":0,"id":"person_2152_23_0"},{"isPositive":0,"id":"person_2154_23_0"},{"isPositive":0,"id":"person_2153_23_0"},{"isPositive":0,"id":"person_2059_23_0"},{"isPositive":0,"id":"person_2454_23_0"},{"isPositive":0,"id":"person_2455_23_0"},{"isPositive":0,"id":"person_2380_23_0"},{"isPositive":0,"id":"person_2391_23_0"},{"isPositive":0,"id":"person_2417_23_0"},{"isPositive":0,"id":"person_2599_23_0"},{"isPositive":0,"id":"person_2600_23_0"},{"isPositive":0,"id":"person_2538_23_0"},{"isPositive":0,"id":"person_2592_23_0"},{"isPositive":0,"id":"person_2567_23_0"},{"isPositive":0,"id":"person_2668_23_0"},{"isPositive":0,"id":"person_2665_23_0"},{"isPositive":0,"id":"person_2573_23_0"},{"isPositive":0,"id":"person_2666_23_0"},{"isPositive":0,"id":"person_2667_23_0"},{"isPositive":0,"id":"person_2640_23_0"},{"isPositive":0,"id":"person_2641_23_0"},{"isPositive":0,"id":"person_2642_23_0"},{"isPositive":0,"id":"person_2643_23_0"},{"isPositive":0,"id":"person_2559_23_0"},{"isPositive":0,"id":"person_2914_23_0"},{"isPositive":0,"id":"person_3030_23_0"},{"isPositive":0,"id":"person_3031_23_0"},{"isPositive":0,"id":"person_3032_23_0"},{"isPositive":0,"id":"person_3033_23_0"},{"isPositive":0,"id":"person_3034_23_0"},{"isPositive":0,"id":"person_2922_23_0"},{"isPositive":0,"id":"person_3021_23_0"}]