[{"isPositive":0,"id":"person_254_23_0"},{"isPositive":0,"id":"person_255_23_0"},{"isPositive":0,"id":"person_219_23_0"},{"isPositive":0,"id":"person_216_23_0"},{"isPositive":0,"id":"person_221_23_0"},{"isPositive":0,"id":"person_215_23_0"},{"isPositive":0,"id":"person_319_23_0"},{"isPositive":0,"id":"person_320_23_0"},{"isPositive":0,"id":"person_331_23_0"},{"isPositive":0,"id":"person_332_23_0"},{"isPositive":0,"id":"person_222_23_0"},{"isPositive":0,"id":"person_228_23_0"},{"isPositive":0,"id":"person_337_23_0"},{"isPositive":0,"id":"person_206_23_0"},{"isPositive":0,"id":"person_205_23_0"},{"isPositive":0,"id":"person_296_23_0"},{"isPositive":0,"id":"person_203_23_0"},{"isPositive":0,"id":"person_315_23_0"},{"isPositive":0,"id":"person_316_23_0"},{"isPositive":0,"id":"person_209_23_0"},{"isPositive":0,"id":"person_213_23_0"},{"isPositive":0,"id":"person_256_23_0"},{"isPositive":0,"id":"person_182_23_0"},{"isPositive":0,"id":"person_930_23_0"},{"isPositive":0,"id":"person_931_23_0"},{"isPositive":0,"id":"person_895_23_0"},{"isPositive":0,"id":"person_892_23_0"},{"isPositive":0,"id":"person_897_23_0"},{"isPositive":0,"id":"person_891_23_0"},{"isPositive":0,"id":"person_995_23_0"},{"isPositive":0,"id":"person_996_23_0"},{"isPositive":0,"id":"person_1007_23_0"},{"isPositive":0,"id":"person_1008_23_0"},{"isPositive":0,"id":"person_898_23_0"},{"isPositive":0,"id":"person_904_23_0"},{"isPositive":0,"id":"person_1013_23_0"},{"isPositive":0,"id":"person_882_23_0"},{"isPositive":0,"id":"person_881_23_0"},{"isPositive":0,"id":"person_972_23_0"},{"isPositive":0,"id":"person_879_23_0"},{"isPositive":0,"id":"person_991_23_0"},{"isPositive":0,"id":"person_992_23_0"},{"isPositive":0,"id":"person_885_23_0"},{"isPositive":0,"id":"person_889_23_0"},{"isPositive":0,"id":"person_932_23_0"},{"isPositive":0,"id":"person_858_23_0"},{"isPositive":0,"id":"person_1631_23_0"},{"isPositive":0,"id":"person_1548_23_0"},{"isPositive":0,"id":"person_1632_23_0"},{"isPositive":0,"id":"person_1549_23_0"},{"isPositive":0,"id":"person_1575_23_0"},{"isPositive":0,"id":"person_1623_23_0"},{"isPositive":0,"id":"person_1624_23_0"},{"isPositive":0,"id":"person_1625_23_0"},{"isPositive":0,"id":"person_1544_23_0"},{"isPositive":0,"id":"person_1622_23_0"},{"isPositive":0,"id":"person_1612_23_0"},{"isPositive":0,"id":"person_1613_23_0"},{"isPositive":0,"id":"person_1538_23_0"},{"isPositive":0,"id":"person_1958_23_0"},{"isPositive":0,"id":"person_1959_23_0"},{"isPositive":0,"id":"person_1881_23_0"},{"isPositive":0,"id":"person_2137_23_0"},{"isPositive":0,"id":"person_2054_23_0"},{"isPositive":0,"id":"person_2094_23_0"},{"isPositive":0,"id":"person_2032_23_0"},{"isPositive":0,"id":"person_2069_23_0"},{"isPositive":0,"id":"person_2185_23_0"},{"isPositive":0,"id":"person_2186_23_0"},{"isPositive":0,"id":"person_2187_23_0"},{"isPositive":0,"id":"person_2188_23_0"},{"isPositive":0,"id":"person_2189_23_0"},{"isPositive":0,"id":"person_2077_23_0"},{"isPositive":0,"id":"person_2176_23_0"},{"isPositive":0,"id":"person_2451_23_0"},{"isPositive":0,"id":"person_2452_23_0"},{"isPositive":0,"id":"person_2416_23_0"},{"isPositive":0,"id":"person_2413_23_0"},{"isPositive":0,"id":"person_2418_23_0"},{"isPositive":0,"id":"person_2412_23_0"},{"isPositive":0,"id":"person_2516_23_0"},{"isPositive":0,"id":"person_2517_23_0"},{"isPositive":0,"id":"person_2528_23_0"},{"isPositive":0,"id":"person_2529_23_0"},{"isPositive":0,"id":"person_2419_23_0"},{"isPositive":0,"id":"person_2425_23_0"},{"isPositive":0,"id":"person_2534_23_0"},{"isPositive":0,"id":"person_2403_23_0"},{"isPositive":0,"id":"person_2402_23_0"},{"isPositive":0,"id":"person_2493_23_0"},{"isPositive":0,"id":"person_2400_23_0"},{"isPositive":0,"id":"person_2512_23_0"},{"isPositive":0,"id":"person_2513_23_0"},{"isPositive":0,"id":"person_2406_23_0"},{"isPositive":0,"id":"person_2410_23_0"},{"isPositive":0,"id":"person_2453_23_0"},{"isPositive":0,"id":"person_2379_23_0"}]