[{"isPositive":0,"id":"person_257_23_0"},{"isPositive":0,"id":"person_258_23_0"},{"isPositive":0,"id":"person_183_23_0"},{"isPositive":0,"id":"person_210_23_0"},{"isPositive":0,"id":"person_326_23_0"},{"isPositive":0,"id":"person_327_23_0"},{"isPositive":0,"id":"person_328_23_0"},{"isPositive":0,"id":"person_329_23_0"},{"isPositive":0,"id":"person_330_23_0"},{"isPositive":0,"id":"person_218_23_0"},{"isPositive":0,"id":"person_317_23_0"},{"isPositive":0,"id":"person_522_23_0"},{"isPositive":0,"id":"person_516_23_0"},{"isPositive":0,"id":"person_597_23_0"},{"isPositive":0,"id":"person_523_23_0"},{"isPositive":0,"id":"person_622_23_0"},{"isPositive":0,"id":"person_625_23_0"},{"isPositive":0,"id":"person_626_23_0"},{"isPositive":0,"id":"person_661_23_0"},{"isPositive":0,"id":"person_660_23_0"},{"isPositive":0,"id":"person_662_23_0"},{"isPositive":0,"id":"person_663_23_0"},{"isPositive":0,"id":"person_555_23_0"},{"isPositive":0,"id":"person_659_23_0"},{"isPositive":0,"id":"person_623_23_0"},{"isPositive":0,"id":"person_624_23_0"},{"isPositive":0,"id":"person_537_23_0"},{"isPositive":0,"id":"person_887_23_0"},{"isPositive":0,"id":"person_994_23_0"},{"isPositive":0,"id":"person_1083_23_0"},{"isPositive":0,"id":"person_1091_23_0"},{"isPositive":0,"id":"person_1085_23_0"},{"isPositive":0,"id":"person_1020_23_0"},{"isPositive":0,"id":"person_1022_23_0"},{"isPositive":0,"id":"person_1084_23_0"},{"isPositive":0,"id":"person_1268_23_0"},{"isPositive":0,"id":"person_1269_23_0"},{"isPositive":0,"id":"person_1233_23_0"},{"isPositive":0,"id":"person_1230_23_0"},{"isPositive":0,"id":"person_1235_23_0"},{"isPositive":0,"id":"person_1229_23_0"},{"isPositive":0,"id":"person_1333_23_0"},{"isPositive":0,"id":"person_1334_23_0"},{"isPositive":0,"id":"person_1345_23_0"},{"isPositive":0,"id":"person_1346_23_0"},{"isPositive":0,"id":"person_1236_23_0"},{"isPositive":0,"id":"person_1242_23_0"},{"isPositive":0,"id":"person_1351_23_0"},{"isPositive":0,"id":"person_1220_23_0"},{"isPositive":0,"id":"person_1219_23_0"},{"isPositive":0,"id":"person_1310_23_0"},{"isPositive":0,"id":"person_1217_23_0"},{"isPositive":0,"id":"person_1329_23_0"},{"isPositive":0,"id":"person_1330_23_0"},{"isPositive":0,"id":"person_1223_23_0"},{"isPositive":0,"id":"person_1227_23_0"},{"isPositive":0,"id":"person_1270_23_0"},{"isPositive":0,"id":"person_1196_23_0"},{"isPositive":0,"id":"person_1952_23_0"},{"isPositive":0,"id":"person_1877_23_0"},{"isPositive":0,"id":"person_1916_23_0"},{"isPositive":0,"id":"person_1891_23_0"},{"isPositive":0,"id":"person_1992_23_0"},{"isPositive":0,"id":"person_1989_23_0"},{"isPositive":0,"id":"person_1897_23_0"},{"isPositive":0,"id":"person_1990_23_0"},{"isPositive":0,"id":"person_1991_23_0"},{"isPositive":0,"id":"person_1964_23_0"},{"isPositive":0,"id":"person_1965_23_0"},{"isPositive":0,"id":"person_1966_23_0"},{"isPositive":0,"id":"person_1967_23_0"},{"isPositive":0,"id":"person_1883_23_0"},{"isPositive":0,"id":"person_2366_23_0"},{"isPositive":0,"id":"person_2257_23_0"},{"isPositive":0,"id":"person_2433_23_0"},{"isPositive":0,"id":"person_2434_23_0"},{"isPositive":0,"id":"person_2371_23_0"},{"isPositive":0,"id":"person_2481_23_0"},{"isPositive":0,"id":"person_2484_23_0"},{"isPositive":0,"id":"person_2485_23_0"},{"isPositive":0,"id":"person_2520_23_0"},{"isPositive":0,"id":"person_2519_23_0"},{"isPositive":0,"id":"person_2521_23_0"},{"isPositive":0,"id":"person_2522_23_0"},{"isPositive":0,"id":"person_2414_23_0"},{"isPositive":0,"id":"person_2518_23_0"},{"isPositive":0,"id":"person_2482_23_0"},{"isPositive":0,"id":"person_2483_23_0"},{"isPositive":0,"id":"person_2396_23_0"},{"isPositive":0,"id":"person_2871_23_0"},{"isPositive":0,"id":"person_2762_23_0"},{"isPositive":0,"id":"person_2942_23_0"},{"isPositive":0,"id":"person_2950_23_0"},{"isPositive":0,"id":"person_2944_23_0"},{"isPositive":0,"id":"person_2879_23_0"},{"isPositive":0,"id":"person_2881_23_0"},{"isPositive":0,"id":"person_2943_23_0"}]