[{"isPositive":0,"id":"person_110_23_0"},{"isPositive":0,"id":"person_91_23_0"},{"isPositive":0,"id":"person_92_23_0"},{"isPositive":1,"id":"person_17_23_0"},{"isPositive":1,"id":"person_27_23_0"},{"isPositive":0,"id":"person_111_23_0"},{"isPositive":1,"id":"person_28_23_0"},{"isPositive":1,"id":"person_54_23_0"},{"isPositive":0,"id":"person_102_23_0"},{"isPositive":0,"id":"person_103_23_0"},{"isPositive":0,"id":"person_104_23_0"},{"isPositive":1,"id":"person_23_23_0"},{"isPositive":0,"id":"person_101_23_0"},{"isPositive":0,"id":"person_635_23_0"},{"isPositive":0,"id":"person_636_23_0"},{"isPositive":0,"id":"person_542_23_0"},{"isPositive":0,"id":"person_552_23_0"},{"isPositive":0,"id":"person_619_23_0"},{"isPositive":0,"id":"person_620_23_0"},{"isPositive":0,"id":"person_621_23_0"},{"isPositive":0,"id":"person_536_23_0"},{"isPositive":0,"id":"person_603_23_0"},{"isPositive":0,"id":"person_604_23_0"},{"isPositive":0,"id":"person_527_23_0"},{"isPositive":0,"id":"person_955_23_0"},{"isPositive":0,"id":"person_872_23_0"},{"isPositive":0,"id":"person_956_23_0"},{"isPositive":0,"id":"person_873_23_0"},{"isPositive":0,"id":"person_899_23_0"},{"isPositive":0,"id":"person_947_23_0"},{"isPositive":0,"id":"person_948_23_0"},{"isPositive":0,"id":"person_949_23_0"},{"isPositive":0,"id":"person_868_23_0"},{"isPositive":0,"id":"person_946_23_0"},{"isPositive":0,"id":"person_936_23_0"},{"isPositive":0,"id":"person_937_23_0"},{"isPositive":0,"id":"person_862_23_0"},{"isPositive":0,"id":"person_1298_23_0"},{"isPositive":0,"id":"person_1301_23_0"},{"isPositive":0,"id":"person_1302_23_0"},{"isPositive":0,"id":"person_1337_23_0"},{"isPositive":0,"id":"person_1336_23_0"},{"isPositive":0,"id":"person_1338_23_0"},{"isPositive":0,"id":"person_1339_23_0"},{"isPositive":0,"id":"person_1231_23_0"},{"isPositive":0,"id":"person_1335_23_0"},{"isPositive":0,"id":"person_1299_23_0"},{"isPositive":0,"id":"person_1300_23_0"},{"isPositive":0,"id":"person_1213_23_0"},{"isPositive":0,"id":"person_1563_23_0"},{"isPositive":0,"id":"person_1670_23_0"},{"isPositive":0,"id":"person_1799_23_0"},{"isPositive":0,"id":"person_1716_23_0"},{"isPositive":0,"id":"person_1756_23_0"},{"isPositive":0,"id":"person_1694_23_0"},{"isPositive":0,"id":"person_1732_23_0"},{"isPositive":0,"id":"person_1839_23_0"},{"isPositive":0,"id":"person_1941_23_0"},{"isPositive":0,"id":"person_1871_23_0"},{"isPositive":0,"id":"person_1943_23_0"},{"isPositive":0,"id":"person_2023_23_0"},{"isPositive":0,"id":"person_2024_23_0"},{"isPositive":0,"id":"person_1993_23_0"},{"isPositive":0,"id":"person_1994_23_0"},{"isPositive":0,"id":"person_1996_23_0"},{"isPositive":0,"id":"person_1997_23_0"},{"isPositive":0,"id":"person_1995_23_0"},{"isPositive":0,"id":"person_1998_23_0"},{"isPositive":0,"id":"person_1999_23_0"},{"isPositive":0,"id":"person_2000_23_0"},{"isPositive":0,"id":"person_2001_23_0"},{"isPositive":0,"id":"person_2002_23_0"},{"isPositive":0,"id":"person_2003_23_0"},{"isPositive":0,"id":"person_2004_23_0"},{"isPositive":0,"id":"person_1898_23_0"},{"isPositive":0,"id":"person_1914_23_0"},{"isPositive":0,"id":"person_1940_23_0"},{"isPositive":0,"id":"person_1942_23_0"},{"isPositive":0,"id":"person_1931_23_0"},{"isPositive":0,"id":"person_1932_23_0"},{"isPositive":0,"id":"person_1902_23_0"},{"isPositive":0,"id":"person_1935_23_0"},{"isPositive":0,"id":"person_1933_23_0"},{"isPositive":0,"id":"person_1934_23_0"},{"isPositive":0,"id":"person_1866_23_0"},{"isPositive":0,"id":"person_2789_23_0"},{"isPositive":0,"id":"person_2790_23_0"},{"isPositive":0,"id":"person_2754_23_0"},{"isPositive":0,"id":"person_2751_23_0"},{"isPositive":0,"id":"person_2756_23_0"},{"isPositive":0,"id":"person_2750_23_0"},{"isPositive":0,"id":"person_2854_23_0"},{"isPositive":0,"id":"person_2855_23_0"},{"isPositive":0,"id":"person_2866_23_0"},{"isPositive":0,"id":"person_2867_23_0"},{"isPositive":0,"id":"person_2757_23_0"},{"isPositive":0,"id":"person_2763_23_0"},{"isPositive":0,"id":"person_2872_23_0"},{"isPositive":0,"id":"person_2741_23_0"},{"isPositive":0,"id":"person_2740_23_0"},{"isPositive":0,"id":"person_2831_23_0"},{"isPositive":0,"id":"person_2738_23_0"},{"isPositive":0,"id":"person_2850_23_0"},{"isPositive":0,"id":"person_2851_23_0"},{"isPositive":0,"id":"person_2744_23_0"},{"isPositive":0,"id":"person_2748_23_0"},{"isPositive":0,"id":"person_2791_23_0"},{"isPositive":0,"id":"person_2717_23_0"}]