[{"isPositive":0,"id":"person_231_23_0"},{"isPositive":0,"id":"person_232_23_0"},{"isPositive":0,"id":"person_171_23_0"},{"isPositive":0,"id":"person_230_23_0"},{"isPositive":0,"id":"person_170_23_0"},{"isPositive":0,"id":"person_349_23_0"},{"isPositive":0,"id":"person_426_23_0"},{"isPositive":0,"id":"person_427_23_0"},{"isPositive":0,"id":"person_352_23_0"},{"isPositive":0,"id":"person_389_23_0"},{"isPositive":0,"id":"person_507_23_0"},{"isPositive":0,"id":"person_398_23_0"},{"isPositive":0,"id":"person_518_23_0"},{"isPositive":0,"id":"person_595_23_0"},{"isPositive":0,"id":"person_596_23_0"},{"isPositive":0,"id":"person_521_23_0"},{"isPositive":0,"id":"person_785_23_0"},{"isPositive":0,"id":"person_702_23_0"},{"isPositive":0,"id":"person_742_23_0"},{"isPositive":0,"id":"person_680_23_0"},{"isPositive":0,"id":"person_733_23_0"},{"isPositive":0,"id":"person_708_23_0"},{"isPositive":0,"id":"person_809_23_0"},{"isPositive":0,"id":"person_806_23_0"},{"isPositive":0,"id":"person_714_23_0"},{"isPositive":0,"id":"person_807_23_0"},{"isPositive":0,"id":"person_808_23_0"},{"isPositive":0,"id":"person_781_23_0"},{"isPositive":0,"id":"person_782_23_0"},{"isPositive":0,"id":"person_783_23_0"},{"isPositive":0,"id":"person_784_23_0"},{"isPositive":0,"id":"person_700_23_0"},{"isPositive":0,"id":"person_1047_23_0"},{"isPositive":0,"id":"person_1056_23_0"},{"isPositive":0,"id":"person_1163_23_0"},{"isPositive":0,"id":"person_1261_23_0"},{"isPositive":0,"id":"person_1262_23_0"},{"isPositive":0,"id":"person_1193_23_0"},{"isPositive":0,"id":"person_1263_23_0"},{"isPositive":0,"id":"person_1416_23_0"},{"isPositive":0,"id":"person_1417_23_0"},{"isPositive":0,"id":"person_1355_23_0"},{"isPositive":0,"id":"person_1450_23_0"},{"isPositive":0,"id":"person_1373_23_0"},{"isPositive":0,"id":"person_1385_23_0"},{"isPositive":0,"id":"person_1585_23_0"},{"isPositive":0,"id":"person_1586_23_0"},{"isPositive":0,"id":"person_1524_23_0"},{"isPositive":0,"id":"person_1620_23_0"},{"isPositive":0,"id":"person_1621_23_0"},{"isPositive":0,"id":"person_1543_23_0"},{"isPositive":0,"id":"person_1757_23_0"},{"isPositive":0,"id":"person_1758_23_0"},{"isPositive":0,"id":"person_1695_23_0"},{"isPositive":0,"id":"person_1747_23_0"},{"isPositive":0,"id":"person_1722_23_0"},{"isPositive":0,"id":"person_1823_23_0"},{"isPositive":0,"id":"person_1820_23_0"},{"isPositive":0,"id":"person_1728_23_0"},{"isPositive":0,"id":"person_1821_23_0"},{"isPositive":0,"id":"person_1822_23_0"},{"isPositive":0,"id":"person_1795_23_0"},{"isPositive":0,"id":"person_1796_23_0"},{"isPositive":0,"id":"person_1797_23_0"},{"isPositive":0,"id":"person_1798_23_0"},{"isPositive":0,"id":"person_1714_23_0"},{"isPositive":0,"id":"person_2079_23_0"},{"isPositive":0,"id":"person_2194_23_0"},{"isPositive":0,"id":"person_2084_23_0"},{"isPositive":0,"id":"person_2285_23_0"},{"isPositive":0,"id":"person_2286_23_0"},{"isPositive":0,"id":"person_2211_23_0"},{"isPositive":0,"id":"person_2239_23_0"},{"isPositive":0,"id":"person_2346_23_0"},{"isPositive":0,"id":"person_2381_23_0"},{"isPositive":0,"id":"person_2375_23_0"},{"isPositive":0,"id":"person_2494_23_0"},{"isPositive":0,"id":"person_2495_23_0"},{"isPositive":0,"id":"person_2401_23_0"},{"isPositive":0,"id":"person_2411_23_0"},{"isPositive":0,"id":"person_2478_23_0"},{"isPositive":0,"id":"person_2479_23_0"},{"isPositive":0,"id":"person_2480_23_0"},{"isPositive":0,"id":"person_2395_23_0"},{"isPositive":0,"id":"person_2462_23_0"},{"isPositive":0,"id":"person_2463_23_0"},{"isPositive":0,"id":"person_2386_23_0"},{"isPositive":0,"id":"person_2802_23_0"},{"isPositive":0,"id":"person_2725_23_0"},{"isPositive":0,"id":"person_2745_23_0"},{"isPositive":0,"id":"person_2861_23_0"},{"isPositive":0,"id":"person_2862_23_0"},{"isPositive":0,"id":"person_2863_23_0"},{"isPositive":0,"id":"person_2864_23_0"},{"isPositive":0,"id":"person_2865_23_0"},{"isPositive":0,"id":"person_2753_23_0"},{"isPositive":0,"id":"person_2852_23_0"}]