[{"isPositive":0,"id":"person_62_23_0"},{"isPositive":0,"id":"person_63_23_0"},{"isPositive":1,"id":"person_2_23_0"},{"isPositive":0,"id":"person_61_23_0"},{"isPositive":1,"id":"person_1_23_0"},{"isPositive":0,"id":"person_78_23_0"},{"isPositive":0,"id":"person_79_23_0"},{"isPositive":1,"id":"person_10_23_0"},{"isPositive":0,"id":"person_80_23_0"},{"isPositive":1,"id":"person_57_23_0"},{"isPositive":1,"id":"person_32_23_0"},{"isPositive":0,"id":"person_133_23_0"},{"isPositive":0,"id":"person_130_23_0"},{"isPositive":1,"id":"person_38_23_0"},{"isPositive":0,"id":"person_131_23_0"},{"isPositive":0,"id":"person_132_23_0"},{"isPositive":0,"id":"person_105_23_0"},{"isPositive":0,"id":"person_106_23_0"},{"isPositive":0,"id":"person_107_23_0"},{"isPositive":0,"id":"person_108_23_0"},{"isPositive":1,"id":"person_24_23_0"},{"isPositive":0,"id":"person_843_23_0"},{"isPositive":0,"id":"person_734_23_0"},{"isPositive":0,"id":"person_954_23_0"},{"isPositive":0,"id":"person_871_23_0"},{"isPositive":0,"id":"person_911_23_0"},{"isPositive":0,"id":"person_849_23_0"},{"isPositive":0,"id":"person_878_23_0"},{"isPositive":0,"id":"person_896_23_0"},{"isPositive":0,"id":"person_1081_23_0"},{"isPositive":0,"id":"person_1082_23_0"},{"isPositive":0,"id":"person_1019_23_0"},{"isPositive":0,"id":"person_1039_23_0"},{"isPositive":0,"id":"person_1065_23_0"},{"isPositive":0,"id":"person_1250_23_0"},{"isPositive":0,"id":"person_1251_23_0"},{"isPositive":0,"id":"person_1188_23_0"},{"isPositive":0,"id":"person_1282_23_0"},{"isPositive":0,"id":"person_1283_23_0"},{"isPositive":0,"id":"person_1205_23_0"},{"isPositive":0,"id":"person_1434_23_0"},{"isPositive":0,"id":"person_1364_23_0"},{"isPositive":0,"id":"person_1436_23_0"},{"isPositive":0,"id":"person_1516_23_0"},{"isPositive":0,"id":"person_1517_23_0"},{"isPositive":0,"id":"person_1486_23_0"},{"isPositive":0,"id":"person_1487_23_0"},{"isPositive":0,"id":"person_1489_23_0"},{"isPositive":0,"id":"person_1490_23_0"},{"isPositive":0,"id":"person_1488_23_0"},{"isPositive":0,"id":"person_1491_23_0"},{"isPositive":0,"id":"person_1492_23_0"},{"isPositive":0,"id":"person_1493_23_0"},{"isPositive":0,"id":"person_1494_23_0"},{"isPositive":0,"id":"person_1495_23_0"},{"isPositive":0,"id":"person_1496_23_0"},{"isPositive":0,"id":"person_1497_23_0"},{"isPositive":0,"id":"person_1391_23_0"},{"isPositive":0,"id":"person_1407_23_0"},{"isPositive":0,"id":"person_1433_23_0"},{"isPositive":0,"id":"person_1435_23_0"},{"isPositive":0,"id":"person_1424_23_0"},{"isPositive":0,"id":"person_1425_23_0"},{"isPositive":0,"id":"person_1395_23_0"},{"isPositive":0,"id":"person_1428_23_0"},{"isPositive":0,"id":"person_1426_23_0"},{"isPositive":0,"id":"person_1427_23_0"},{"isPositive":0,"id":"person_1359_23_0"},{"isPositive":0,"id":"person_2275_23_0"},{"isPositive":0,"id":"person_2276_23_0"},{"isPositive":0,"id":"person_2207_23_0"},{"isPositive":0,"id":"person_2277_23_0"},{"isPositive":0,"id":"person_2248_23_0"},{"isPositive":0,"id":"person_2428_23_0"},{"isPositive":0,"id":"person_2429_23_0"},{"isPositive":0,"id":"person_2368_23_0"},{"isPositive":0,"id":"person_2427_23_0"},{"isPositive":0,"id":"person_2367_23_0"},{"isPositive":0,"id":"person_2535_23_0"},{"isPositive":0,"id":"person_2426_23_0"},{"isPositive":0,"id":"person_2617_23_0"},{"isPositive":0,"id":"person_2547_23_0"},{"isPositive":0,"id":"person_2619_23_0"},{"isPositive":0,"id":"person_2699_23_0"},{"isPositive":0,"id":"person_2700_23_0"},{"isPositive":0,"id":"person_2669_23_0"},{"isPositive":0,"id":"person_2670_23_0"},{"isPositive":0,"id":"person_2672_23_0"},{"isPositive":0,"id":"person_2673_23_0"},{"isPositive":0,"id":"person_2671_23_0"},{"isPositive":0,"id":"person_2674_23_0"},{"isPositive":0,"id":"person_2675_23_0"},{"isPositive":0,"id":"person_2676_23_0"},{"isPositive":0,"id":"person_2677_23_0"},{"isPositive":0,"id":"person_2678_23_0"},{"isPositive":0,"id":"person_2679_23_0"},{"isPositive":0,"id":"person_2680_23_0"},{"isPositive":0,"id":"person_2574_23_0"},{"isPositive":0,"id":"person_2590_23_0"},{"isPositive":0,"id":"person_2616_23_0"},{"isPositive":0,"id":"person_2618_23_0"},{"isPositive":0,"id":"person_2607_23_0"},{"isPositive":0,"id":"person_2608_23_0"},{"isPositive":0,"id":"person_2578_23_0"},{"isPositive":0,"id":"person_2611_23_0"},{"isPositive":0,"id":"person_2609_23_0"},{"isPositive":0,"id":"person_2610_23_0"},{"isPositive":0,"id":"person_2542_23_0"}]