[{"isPositive":0,"id":"person_236_23_0"},{"isPositive":0,"id":"person_237_23_0"},{"isPositive":0,"id":"person_174_23_0"},{"isPositive":0,"id":"person_211_23_0"},{"isPositive":0,"id":"person_318_23_0"},{"isPositive":0,"id":"person_420_23_0"},{"isPositive":0,"id":"person_350_23_0"},{"isPositive":0,"id":"person_422_23_0"},{"isPositive":0,"id":"person_502_23_0"},{"isPositive":0,"id":"person_503_23_0"},{"isPositive":0,"id":"person_472_23_0"},{"isPositive":0,"id":"person_473_23_0"},{"isPositive":0,"id":"person_475_23_0"},{"isPositive":0,"id":"person_476_23_0"},{"isPositive":0,"id":"person_474_23_0"},{"isPositive":0,"id":"person_477_23_0"},{"isPositive":0,"id":"person_478_23_0"},{"isPositive":0,"id":"person_479_23_0"},{"isPositive":0,"id":"person_480_23_0"},{"isPositive":0,"id":"person_481_23_0"},{"isPositive":0,"id":"person_482_23_0"},{"isPositive":0,"id":"person_483_23_0"},{"isPositive":0,"id":"person_377_23_0"},{"isPositive":0,"id":"person_393_23_0"},{"isPositive":0,"id":"person_419_23_0"},{"isPositive":0,"id":"person_421_23_0"},{"isPositive":0,"id":"person_410_23_0"},{"isPositive":0,"id":"person_411_23_0"},{"isPositive":0,"id":"person_381_23_0"},{"isPositive":0,"id":"person_414_23_0"},{"isPositive":0,"id":"person_412_23_0"},{"isPositive":0,"id":"person_413_23_0"},{"isPositive":0,"id":"person_345_23_0"},{"isPositive":0,"id":"person_1292_23_0"},{"isPositive":0,"id":"person_1209_23_0"},{"isPositive":0,"id":"person_1249_23_0"},{"isPositive":0,"id":"person_1187_23_0"},{"isPositive":0,"id":"person_1240_23_0"},{"isPositive":0,"id":"person_1215_23_0"},{"isPositive":0,"id":"person_1316_23_0"},{"isPositive":0,"id":"person_1313_23_0"},{"isPositive":0,"id":"person_1221_23_0"},{"isPositive":0,"id":"person_1314_23_0"},{"isPositive":0,"id":"person_1315_23_0"},{"isPositive":0,"id":"person_1288_23_0"},{"isPositive":0,"id":"person_1289_23_0"},{"isPositive":0,"id":"person_1290_23_0"},{"isPositive":0,"id":"person_1291_23_0"},{"isPositive":0,"id":"person_1207_23_0"},{"isPositive":0,"id":"person_1572_23_0"},{"isPositive":0,"id":"person_1687_23_0"},{"isPositive":0,"id":"person_1577_23_0"},{"isPositive":0,"id":"person_1775_23_0"},{"isPositive":0,"id":"person_1776_23_0"},{"isPositive":0,"id":"person_1740_23_0"},{"isPositive":0,"id":"person_1737_23_0"},{"isPositive":0,"id":"person_1742_23_0"},{"isPositive":0,"id":"person_1736_23_0"},{"isPositive":0,"id":"person_1840_23_0"},{"isPositive":0,"id":"person_1841_23_0"},{"isPositive":0,"id":"person_1852_23_0"},{"isPositive":0,"id":"person_1853_23_0"},{"isPositive":0,"id":"person_1743_23_0"},{"isPositive":0,"id":"person_1749_23_0"},{"isPositive":0,"id":"person_1858_23_0"},{"isPositive":0,"id":"person_1727_23_0"},{"isPositive":0,"id":"person_1726_23_0"},{"isPositive":0,"id":"person_1817_23_0"},{"isPositive":0,"id":"person_1724_23_0"},{"isPositive":0,"id":"person_1836_23_0"},{"isPositive":0,"id":"person_1837_23_0"},{"isPositive":0,"id":"person_1730_23_0"},{"isPositive":0,"id":"person_1734_23_0"},{"isPositive":0,"id":"person_1777_23_0"},{"isPositive":0,"id":"person_1703_23_0"},{"isPositive":0,"id":"person_2459_23_0"},{"isPositive":0,"id":"person_2384_23_0"},{"isPositive":0,"id":"person_2423_23_0"},{"isPositive":0,"id":"person_2398_23_0"},{"isPositive":0,"id":"person_2499_23_0"},{"isPositive":0,"id":"person_2496_23_0"},{"isPositive":0,"id":"person_2404_23_0"},{"isPositive":0,"id":"person_2497_23_0"},{"isPositive":0,"id":"person_2498_23_0"},{"isPositive":0,"id":"person_2471_23_0"},{"isPositive":0,"id":"person_2472_23_0"},{"isPositive":0,"id":"person_2473_23_0"},{"isPositive":0,"id":"person_2474_23_0"},{"isPositive":0,"id":"person_2390_23_0"},{"isPositive":0,"id":"person_2873_23_0"},{"isPositive":0,"id":"person_2764_23_0"},{"isPositive":0,"id":"person_2940_23_0"},{"isPositive":0,"id":"person_2941_23_0"},{"isPositive":0,"id":"person_2878_23_0"},{"isPositive":0,"id":"person_2993_23_0"},{"isPositive":0,"id":"person_2994_23_0"},{"isPositive":0,"id":"person_2995_23_0"},{"isPositive":0,"id":"person_2996_23_0"},{"isPositive":0,"id":"person_2997_23_0"},{"isPositive":0,"id":"person_2999_23_0"},{"isPositive":0,"id":"person_2998_23_0"},{"isPositive":0,"id":"person_2904_23_0"}]