[{"isPositive":0,"id":"person_247_23_0"},{"isPositive":0,"id":"person_248_23_0"},{"isPositive":0,"id":"person_179_23_0"},{"isPositive":0,"id":"person_249_23_0"},{"isPositive":0,"id":"person_402_23_0"},{"isPositive":0,"id":"person_403_23_0"},{"isPositive":0,"id":"person_341_23_0"},{"isPositive":0,"id":"person_437_23_0"},{"isPositive":0,"id":"person_438_23_0"},{"isPositive":0,"id":"person_360_23_0"},{"isPositive":0,"id":"person_571_23_0"},{"isPositive":0,"id":"person_572_23_0"},{"isPositive":0,"id":"person_510_23_0"},{"isPositive":0,"id":"person_617_23_0"},{"isPositive":0,"id":"person_534_23_0"},{"isPositive":0,"id":"person_618_23_0"},{"isPositive":0,"id":"person_535_23_0"},{"isPositive":0,"id":"person_561_23_0"},{"isPositive":0,"id":"person_609_23_0"},{"isPositive":0,"id":"person_610_23_0"},{"isPositive":0,"id":"person_611_23_0"},{"isPositive":0,"id":"person_530_23_0"},{"isPositive":0,"id":"person_608_23_0"},{"isPositive":0,"id":"person_598_23_0"},{"isPositive":0,"id":"person_599_23_0"},{"isPositive":0,"id":"person_524_23_0"},{"isPositive":0,"id":"person_902_23_0"},{"isPositive":0,"id":"person_877_23_0"},{"isPositive":0,"id":"person_978_23_0"},{"isPositive":0,"id":"person_975_23_0"},{"isPositive":0,"id":"person_883_23_0"},{"isPositive":0,"id":"person_976_23_0"},{"isPositive":0,"id":"person_977_23_0"},{"isPositive":0,"id":"person_950_23_0"},{"isPositive":0,"id":"person_951_23_0"},{"isPositive":0,"id":"person_952_23_0"},{"isPositive":0,"id":"person_953_23_0"},{"isPositive":0,"id":"person_869_23_0"},{"isPositive":0,"id":"person_1234_23_0"},{"isPositive":0,"id":"person_1349_23_0"},{"isPositive":0,"id":"person_1239_23_0"},{"isPositive":0,"id":"person_1440_23_0"},{"isPositive":0,"id":"person_1441_23_0"},{"isPositive":0,"id":"person_1366_23_0"},{"isPositive":0,"id":"person_1394_23_0"},{"isPositive":0,"id":"person_1501_23_0"},{"isPositive":0,"id":"person_1532_23_0"},{"isPositive":0,"id":"person_1614_23_0"},{"isPositive":0,"id":"person_1539_23_0"},{"isPositive":0,"id":"person_1641_23_0"},{"isPositive":0,"id":"person_1642_23_0"},{"isPositive":0,"id":"person_1643_23_0"},{"isPositive":0,"id":"person_1644_23_0"},{"isPositive":0,"id":"person_1645_23_0"},{"isPositive":0,"id":"person_1647_23_0"},{"isPositive":0,"id":"person_1646_23_0"},{"isPositive":0,"id":"person_1552_23_0"},{"isPositive":0,"id":"person_1944_23_0"},{"isPositive":0,"id":"person_1945_23_0"},{"isPositive":0,"id":"person_1909_23_0"},{"isPositive":0,"id":"person_1906_23_0"},{"isPositive":0,"id":"person_1911_23_0"},{"isPositive":0,"id":"person_1905_23_0"},{"isPositive":0,"id":"person_2009_23_0"},{"isPositive":0,"id":"person_2010_23_0"},{"isPositive":0,"id":"person_2021_23_0"},{"isPositive":0,"id":"person_2022_23_0"},{"isPositive":0,"id":"person_1912_23_0"},{"isPositive":0,"id":"person_1918_23_0"},{"isPositive":0,"id":"person_2027_23_0"},{"isPositive":0,"id":"person_1896_23_0"},{"isPositive":0,"id":"person_1895_23_0"},{"isPositive":0,"id":"person_1986_23_0"},{"isPositive":0,"id":"person_1893_23_0"},{"isPositive":0,"id":"person_2005_23_0"},{"isPositive":0,"id":"person_2006_23_0"},{"isPositive":0,"id":"person_1899_23_0"},{"isPositive":0,"id":"person_1903_23_0"},{"isPositive":0,"id":"person_1946_23_0"},{"isPositive":0,"id":"person_1872_23_0"},{"isPositive":0,"id":"person_2645_23_0"},{"isPositive":0,"id":"person_2562_23_0"},{"isPositive":0,"id":"person_2646_23_0"},{"isPositive":0,"id":"person_2563_23_0"},{"isPositive":0,"id":"person_2589_23_0"},{"isPositive":0,"id":"person_2637_23_0"},{"isPositive":0,"id":"person_2638_23_0"},{"isPositive":0,"id":"person_2639_23_0"},{"isPositive":0,"id":"person_2558_23_0"},{"isPositive":0,"id":"person_2636_23_0"},{"isPositive":0,"id":"person_2626_23_0"},{"isPositive":0,"id":"person_2627_23_0"},{"isPositive":0,"id":"person_2552_23_0"},{"isPositive":0,"id":"person_2930_23_0"},{"isPositive":0,"id":"person_2905_23_0"},{"isPositive":0,"id":"person_3006_23_0"},{"isPositive":0,"id":"person_3003_23_0"},{"isPositive":0,"id":"person_2911_23_0"},{"isPositive":0,"id":"person_3004_23_0"},{"isPositive":0,"id":"person_3005_23_0"},{"isPositive":0,"id":"person_2978_23_0"},{"isPositive":0,"id":"person_2979_23_0"},{"isPositive":0,"id":"person_2980_23_0"},{"isPositive":0,"id":"person_2981_23_0"},{"isPositive":0,"id":"person_2897_23_0"}]