[{"isPositive":0,"id":"person_115_23_0"},{"isPositive":0,"id":"person_118_23_0"},{"isPositive":0,"id":"person_119_23_0"},{"isPositive":0,"id":"person_154_23_0"},{"isPositive":0,"id":"person_153_23_0"},{"isPositive":0,"id":"person_155_23_0"},{"isPositive":0,"id":"person_156_23_0"},{"isPositive":1,"id":"person_48_23_0"},{"isPositive":0,"id":"person_152_23_0"},{"isPositive":0,"id":"person_116_23_0"},{"isPositive":0,"id":"person_117_23_0"},{"isPositive":1,"id":"person_30_23_0"},{"isPositive":0,"id":"person_592_23_0"},{"isPositive":0,"id":"person_593_23_0"},{"isPositive":0,"id":"person_557_23_0"},{"isPositive":0,"id":"person_554_23_0"},{"isPositive":0,"id":"person_559_23_0"},{"isPositive":0,"id":"person_553_23_0"},{"isPositive":0,"id":"person_657_23_0"},{"isPositive":0,"id":"person_658_23_0"},{"isPositive":0,"id":"person_669_23_0"},{"isPositive":0,"id":"person_670_23_0"},{"isPositive":0,"id":"person_560_23_0"},{"isPositive":0,"id":"person_566_23_0"},{"isPositive":0,"id":"person_675_23_0"},{"isPositive":0,"id":"person_544_23_0"},{"isPositive":0,"id":"person_543_23_0"},{"isPositive":0,"id":"person_634_23_0"},{"isPositive":0,"id":"person_541_23_0"},{"isPositive":0,"id":"person_653_23_0"},{"isPositive":0,"id":"person_654_23_0"},{"isPositive":0,"id":"person_547_23_0"},{"isPositive":0,"id":"person_551_23_0"},{"isPositive":0,"id":"person_594_23_0"},{"isPositive":0,"id":"person_520_23_0"},{"isPositive":0,"id":"person_1293_23_0"},{"isPositive":0,"id":"person_1210_23_0"},{"isPositive":0,"id":"person_1294_23_0"},{"isPositive":0,"id":"person_1211_23_0"},{"isPositive":0,"id":"person_1237_23_0"},{"isPositive":0,"id":"person_1285_23_0"},{"isPositive":0,"id":"person_1286_23_0"},{"isPositive":0,"id":"person_1287_23_0"},{"isPositive":0,"id":"person_1206_23_0"},{"isPositive":0,"id":"person_1284_23_0"},{"isPositive":0,"id":"person_1274_23_0"},{"isPositive":0,"id":"person_1275_23_0"},{"isPositive":0,"id":"person_1200_23_0"},{"isPositive":0,"id":"person_1546_23_0"},{"isPositive":0,"id":"person_1636_23_0"},{"isPositive":0,"id":"person_1639_23_0"},{"isPositive":0,"id":"person_1640_23_0"},{"isPositive":0,"id":"person_1675_23_0"},{"isPositive":0,"id":"person_1674_23_0"},{"isPositive":0,"id":"person_1676_23_0"},{"isPositive":0,"id":"person_1677_23_0"},{"isPositive":0,"id":"person_1569_23_0"},{"isPositive":0,"id":"person_1673_23_0"},{"isPositive":0,"id":"person_1637_23_0"},{"isPositive":0,"id":"person_1638_23_0"},{"isPositive":0,"id":"person_1551_23_0"},{"isPositive":0,"id":"person_2090_23_0"},{"isPositive":0,"id":"person_2091_23_0"},{"isPositive":0,"id":"person_2030_23_0"},{"isPositive":0,"id":"person_2089_23_0"},{"isPositive":0,"id":"person_2029_23_0"},{"isPositive":0,"id":"person_2070_23_0"},{"isPositive":0,"id":"person_2177_23_0"},{"isPositive":0,"id":"person_2264_23_0"},{"isPositive":0,"id":"person_2265_23_0"},{"isPositive":0,"id":"person_2202_23_0"},{"isPositive":0,"id":"person_2254_23_0"},{"isPositive":0,"id":"person_2229_23_0"},{"isPositive":0,"id":"person_2330_23_0"},{"isPositive":0,"id":"person_2327_23_0"},{"isPositive":0,"id":"person_2235_23_0"},{"isPositive":0,"id":"person_2328_23_0"},{"isPositive":0,"id":"person_2329_23_0"},{"isPositive":0,"id":"person_2302_23_0"},{"isPositive":0,"id":"person_2303_23_0"},{"isPositive":0,"id":"person_2304_23_0"},{"isPositive":0,"id":"person_2305_23_0"},{"isPositive":0,"id":"person_2221_23_0"},{"isPositive":0,"id":"person_2701_23_0"},{"isPositive":0,"id":"person_2591_23_0"},{"isPositive":0,"id":"person_2771_23_0"},{"isPositive":0,"id":"person_2772_23_0"},{"isPositive":0,"id":"person_2709_23_0"},{"isPositive":0,"id":"person_2729_23_0"},{"isPositive":0,"id":"person_2737_23_0"},{"isPositive":0,"id":"person_2937_23_0"},{"isPositive":0,"id":"person_2938_23_0"},{"isPositive":0,"id":"person_2876_23_0"},{"isPositive":0,"id":"person_2971_23_0"},{"isPositive":0,"id":"person_2894_23_0"},{"isPositive":0,"id":"person_3039_23_0"},{"isPositive":0,"id":"person_2929_23_0"}]